"X.SampleID"	"Assay.Type"	"AvgSpotLen"	"Barcode"	"barcode_sequence"	"Bases"	"BioProject"	"BioSample"	"Bytes"	"Center.Name"	"compartment"	"Consent"	"crop_rotation"	"DATASTORE.filetype"	"DATASTORE.provider"	"DATASTORE.region"	"Description"	"ENA_CHECKLIST"	"ENA.FIRST.PUBLIC..run."	"ENA.LAST.UPDATE..run."	"environmental_sample"	"Experiment"	"geographic_location_.country_and.or_sea."	"INSDC_center_name"	"INSDC_first_public"	"INSDC_last_update"	"INSDC_status"	"Instrument"	"libary_number"	"Library.Name"	"LibraryLayout"	"LibrarySelection"	"LibrarySource"	"Organism"	"Platform"	"ReleaseDate"	"run_number"	"Sample.Name"	"sample_name"	"soil_source"	"SRA_accession"	"SRA.Study"	"straw_treatment"	"time"	"title"	"INSDC_center_alias"	"stagger_barcode_forward_primer"
"ERR2210980"	"Sample_156"	"AMPLICON"	252	"BC20"	"CCTTTACA"	8225500	"PRJEB23682"	"SAMEA104409161"	2341922	"INRES MOLECULAR BIOLOGY OF THE RHIZOSPHERE"	"rhizosphere"	"public"	"RR"	"fastq,sra"	"ena,gs,ncbi,s3"	"ena,ncbi.public,gs.US,s3.us-east-1"	"16S amplicons"	"ERC000011"	"2018-02-27"	"2018-11-16"	"Yes"	"ERX2265333"	"Italy"	"INRES Molecular Biology of the Rhizosphere"	"2018-02-27T17:03:08Z"	"2017-11-29T14:55:23Z"	"public"	"Illumina HiSeq 2500"	"D"	"unspecified"	"SINGLE"	"PCR"	"METAGENOMIC"	"metagenomes"	"ILLUMINA"	"2018-02-28T00:00:00Z"	1800	"SAMEA104409161"	"ERS2027103"	"Italy"	"ERS2027103"	"ERP105451"	"no straw"	8	"BC201800D"	"INRES Molecular Biology of the Rhizosphere"	"TCACCTTTACAGTG CCA GCM GCC GCG GTA A"
"ERR2210990"	"Sample_166"	"AMPLICON"	252	"BC29"	"GGTCCTTG"	8722478	"PRJEB23682"	"SAMEA104409171"	2521136	"INRES MOLECULAR BIOLOGY OF THE RHIZOSPHERE"	"rhizosphere"	"public"	"RR"	"sra,fastq"	"gs,ncbi,s3,ena"	"gs.US,s3.us-east-1,ncbi.public,ena"	"16S amplicons"	"ERC000011"	"2018-02-27"	"2018-11-16"	"Yes"	"ERX2265343"	"Italy"	"INRES Molecular Biology of the Rhizosphere"	"2018-02-27T17:03:08Z"	"2017-11-29T14:55:24Z"	"public"	"Illumina HiSeq 2500"	"D"	"unspecified"	"SINGLE"	"PCR"	"METAGENOMIC"	"metagenomes"	"ILLUMINA"	"2018-02-28T00:00:00Z"	1800	"SAMEA104409171"	"ERS2027113"	"Italy"	"ERS2027113"	"ERP105451"	"straw"	15	"BC291800D"	"INRES Molecular Biology of the Rhizosphere"	"CCCGAGGTCCTTGGTG CCA GCM GCC GCG GTA A"
"ERR2211000"	"Sample_176"	"AMPLICON"	252	"BC38"	"GCTGGCGA"	6621555	"PRJEB23682"	"SAMEA104409181"	1921442	"INRES MOLECULAR BIOLOGY OF THE RHIZOSPHERE"	"rhizosphere"	"public"	"RR"	"fastq,sra"	"ena,gs,ncbi,s3"	"ena,ncbi.public,s3.us-east-1,gs.US"	"16S amplicons"	"ERC000011"	"2018-02-27"	"2018-11-16"	"Yes"	"ERX2265353"	"Italy"	"INRES Molecular Biology of the Rhizosphere"	"2018-02-27T17:03:08Z"	"2017-11-29T14:55:24Z"	"public"	"Illumina HiSeq 2500"	"D"	"unspecified"	"SINGLE"	"PCR"	"METAGENOMIC"	"metagenomes"	"ILLUMINA"	"2018-02-28T00:00:00Z"	1800	"SAMEA104409181"	"ERS2027123"	"Italy"	"ERS2027123"	"ERP105451"	"straw"	22	"BC381800D"	"INRES Molecular Biology of the Rhizosphere"	"TCCCGCTGGCGAGTG CCA GCM GCC GCG GTA A"
"ERR2211010"	"Sample_186"	"AMPLICON"	252	"BC47"	"ACAGTGCA"	17382847	"PRJEB23682"	"SAMEA104409191"	4930846	"INRES MOLECULAR BIOLOGY OF THE RHIZOSPHERE"	"rhizosphere"	"public"	"RR"	"fastq,sra"	"ena,ncbi,gs,s3"	"ncbi.public,s3.us-east-1,ena,gs.US"	"16S amplicons"	"ERC000011"	"2018-02-27"	"2018-11-16"	"Yes"	"ERX2265363"	"Italy"	"INRES Molecular Biology of the Rhizosphere"	"2018-02-27T17:03:08Z"	"2017-11-29T14:55:25Z"	"public"	"Illumina HiSeq 2500"	"D"	"unspecified"	"SINGLE"	"PCR"	"METAGENOMIC"	"metagenomes"	"ILLUMINA"	"2018-02-28T00:00:00Z"	1800	"SAMEA104409191"	"ERS2027133"	"Italy"	"ERS2027133"	"ERP105451"	"straw"	29	"BC471800D"	"INRES Molecular Biology of the Rhizosphere"	"AGGCCACAGTGCAGTG CCA GCM GCC GCG GTA A"
"ERR2211020"	"Sample_196"	"AMPLICON"	252	"BC12"	"TGCGGTTA"	6419731	"PRJEB23682"	"SAMEA104409201"	1831519	"INRES MOLECULAR BIOLOGY OF THE RHIZOSPHERE"	"rhizosphere"	"public"	"RR"	"fastq,sra"	"ena,gs,ncbi,s3"	"ncbi.public,s3.us-east-1,ena,gs.US"	"16S amplicons"	"ERC000011"	"2018-02-27"	"2018-11-16"	"Yes"	"ERX2265373"	"Italy"	"INRES Molecular Biology of the Rhizosphere"	"2018-02-27T17:03:08Z"	"2017-11-29T14:55:25Z"	"public"	"Illumina HiSeq 2500"	"E"	"unspecified"	"SINGLE"	"PCR"	"METAGENOMIC"	"metagenomes"	"ILLUMINA"	"2018-02-28T00:00:00Z"	1800	"SAMEA104409201"	"ERS2027143"	"Italy"	"ERS2027143"	"ERP105451"	"no straw"	57	"BC121800E"	""	"GCCGGTGCGGTTAGTG CCA GCM GCC GCG GTA A"
"ERR2211030"	"Sample_206"	"AMPLICON"	251	"BC2"	"ACGTAGCT"	6340079	"PRJEB23682"	"SAMEA104409211"	1798650	"INRES MOLECULAR BIOLOGY OF THE RHIZOSPHERE"	"rhizosphere"	"public"	"RR"	"fastq,sra"	"ena,gs,ncbi,s3"	"ena,ncbi.public,gs.US,s3.us-east-1"	"16S amplicons"	"ERC000011"	"2018-02-27"	"2018-11-16"	"Yes"	"ERX2265383"	"Italy"	"INRES Molecular Biology of the Rhizosphere"	"2018-02-27T17:03:08Z"	"2017-11-29T14:55:25Z"	"public"	"Illumina HiSeq 2500"	"E"	"unspecified"	"SINGLE"	"PCR"	"METAGENOMIC"	"metagenomes"	"ILLUMINA"	"2018-02-28T00:00:00Z"	1800	"SAMEA104409211"	"ERS2027153"	"Italy"	"ERS2027153"	"ERP105451"	"no straw"	43	"BC21800E"	"INRES Molecular Biology of the Rhizosphere"	"TTTAGACGTAGCTGTG CCA GCM GCC GCG GTA A"
"ERR2211060"	"Sample_236"	"AMPLICON"	252	"BC5"	"CCTACAAC"	19418423	"PRJEB23682"	"SAMEA104409241"	5302649	"INRES MOLECULAR BIOLOGY OF THE RHIZOSPHERE"	"rhizosphere"	"public"	"RR"	"sra,fastq"	"gs,ncbi,ena,s3"	"ena,ncbi.public,gs.US,s3.us-east-1"	"16S amplicons"	"ERC000011"	"2018-02-27"	"2018-11-16"	"Yes"	"ERX2265413"	"Italy"	"INRES Molecular Biology of the Rhizosphere"	"2018-02-27T17:03:08Z"	"2017-11-29T14:55:27Z"	"public"	"Illumina HiSeq 2500"	"E"	"unspecified"	"SINGLE"	"PCR"	"METAGENOMIC"	"metagenomes"	"ILLUMINA"	"2018-02-28T00:00:00Z"	1800	"SAMEA104409241"	"ERS2027183"	"Italy"	"ERS2027183"	"ERP105451"	"straw"	43	"BC51800E"	"INRES Molecular Biology of the Rhizosphere"	"CCACCTACAACGTG CCA GCM GCC GCG GTA A"
"ERR2211120"	"Sample_296"	"AMPLICON"	251	"BC8"	"GCGTTTCG"	19436087	"PRJEB23682"	"SAMEA104409301"	5483622	"INRES MOLECULAR BIOLOGY OF THE RHIZOSPHERE"	"rhizosphere"	"public"	"MM"	"fastq,sra"	"ena,gs,ncbi,s3"	"s3.us-east-1,ena,ncbi.public,gs.US"	"16S amplicons"	"ERC000011"	"2018-02-27"	"2018-11-16"	"Yes"	"ERX2265473"	"Italy"	"INRES Molecular Biology of the Rhizosphere"	"2018-02-27T17:03:08Z"	"2017-11-29T14:55:29Z"	"public"	"Illumina HiSeq 2500"	"G"	"unspecified"	"SINGLE"	"PCR"	"METAGENOMIC"	"metagenomes"	"ILLUMINA"	"2018-02-28T00:00:00Z"	1800	"SAMEA104409301"	"ERS2027243"	"Italy"	"ERS2027243"	"ERP105451"	"straw"	85	"BC81800G"	"INRES Molecular Biology of the Rhizosphere"	"ACCCGCGTTTCGGTG CCA GCM GCC GCG GTA A"
"ERR2211180"	"Sample_356"	"AMPLICON"	250	"BC20"	"CCTTTACA"	4368789	"PRJEB23682"	"SAMEA104409361"	1390779	"INRES MOLECULAR BIOLOGY OF THE RHIZOSPHERE"	"rhizosphere"	"public"	"RR"	"sra,fastq"	"ena,s3,gs,ncbi"	"ncbi.public,ena,s3.us-east-1,gs.US"	"16S amplicons"	"ERC000011"	"2018-02-27"	"2018-11-16"	"Yes"	"ERX2265533"	"Philippines"	"INRES Molecular Biology of the Rhizosphere"	"2018-02-27T17:03:08Z"	"2017-11-29T14:55:31Z"	"public"	"Illumina HiSeq 2500"	"B"	"unspecified"	"SINGLE"	"PCR"	"METAGENOMIC"	"metagenomes"	"ILLUMINA"	"2018-02-28T00:00:00Z"	2131	"SAMEA104409361"	"ERS2027303"	"IRRI"	"ERS2027303"	"ERP105451"	"no straw"	15	"BC202131B"	"INRES Molecular Biology of the Rhizosphere"	"TCACCTTTACAGTG CCA GCM GCC GCG GTA A"
"ERR2211270"	"Sample_446"	"AMPLICON"	249	"BC16"	"TATCTCCG"	7129773	"PRJEB23682"	"SAMEA104409451"	2245990	"INRES MOLECULAR BIOLOGY OF THE RHIZOSPHERE"	"rhizosphere"	"public"	"MR"	"fastq,sra"	"s3,ena,gs,ncbi"	"s3.us-east-1,ena,ncbi.public,gs.US"	"16S amplicons"	"ERC000011"	"2018-02-27"	"2018-11-16"	"Yes"	"ERX2265623"	"Philippines"	"INRES Molecular Biology of the Rhizosphere"	"2018-02-27T17:03:08Z"	"2017-11-29T14:55:34Z"	"public"	"Illumina HiSeq 2500"	"D"	"unspecified"	"SINGLE"	"PCR"	"METAGENOMIC"	"metagenomes"	"ILLUMINA"	"2018-02-28T00:00:00Z"	2131	"SAMEA104409451"	"ERS2027393"	"Tarlac"	"ERS2027393"	"ERP105451"	"straw"	43	"BC162131D"	"INRES Molecular Biology of the Rhizosphere"	"GAATTTATCTCCGGTG CCA GCM GCC GCG GTA A"
"ERR2211280"	"Sample_456"	"AMPLICON"	249	"BC9"	"GGTCTGAC"	5354747	"PRJEB23682"	"SAMEA104409461"	1700876	"INRES MOLECULAR BIOLOGY OF THE RHIZOSPHERE"	"rhizosphere"	"public"	"RR"	"fastq,sra"	"ena,gs,ncbi,s3"	"ena,ncbi.public,s3.us-east-1,gs.US"	"16S amplicons"	"ERC000011"	"2018-02-27"	"2018-11-16"	"Yes"	"ERX2265633"	"Philippines"	"INRES Molecular Biology of the Rhizosphere"	"2018-02-27T17:03:08Z"	"2017-11-29T14:55:35Z"	"public"	"Illumina HiSeq 2500"	"D"	"unspecified"	"SINGLE"	"PCR"	"METAGENOMIC"	"metagenomes"	"ILLUMINA"	"2018-02-28T00:00:00Z"	2131	"SAMEA104409461"	"ERS2027403"	"Tarlac"	"ERS2027403"	"ERP105451"	"straw"	43	"BC92131D"	"INRES Molecular Biology of the Rhizosphere"	"TGGAAGGTCTGACGTG CCA GCM GCC GCG GTA A"
"ERR2211360"	"Sample_536"	"AMPLICON"	246	"BC40"	"TACTGCGC"	3810241	"PRJEB23682"	"SAMEA104409541"	1194135	"INRES MOLECULAR BIOLOGY OF THE RHIZOSPHERE"	"rhizosphere"	"public"	"RR"	"fastq,sra"	"s3,gs,ncbi,ena"	"gs.US,ncbi.public,ena,s3.us-east-1"	"ITS amplicons"	"ERC000011"	"2018-02-27"	"2018-11-16"	"Yes"	"ERX2265713"	"Philippines"	"INRES Molecular Biology of the Rhizosphere"	"2018-02-27T17:03:08Z"	"2017-11-29T14:55:37Z"	"public"	"Illumina HiSeq 2500"	"B"	"unspecified"	"SINGLE"	"PCR"	"METAGENOMIC"	"metagenomes"	"ILLUMINA"	"2018-02-28T00:00:00Z"	2457	"SAMEA104409541"	"ERS2027483"	"Tarlac"	"ERS2027483"	"ERP105451"	"straw"	15	"BC402457B"	"INRES Molecular Biology of the Rhizosphere"	"TACTGCGCCTTGGTCATTTAGAGGAAGTAA"
"ERR2210991"	"Sample_167"	"AMPLICON"	252	"BC30"	"GTTGTCCC"	6196046	"PRJEB23682"	"SAMEA104409172"	1815169	"INRES MOLECULAR BIOLOGY OF THE RHIZOSPHERE"	"rhizosphere"	"public"	"RR"	"sra,fastq"	"ncbi,ena,s3,gs"	"gs.US,s3.us-east-1,ncbi.public,ena"	"16S amplicons"	"ERC000011"	"2018-02-27"	"2018-11-16"	"Yes"	"ERX2265344"	"Italy"	"INRES Molecular Biology of the Rhizosphere"	"2018-02-27T17:03:08Z"	"2017-11-29T14:55:24Z"	"public"	"Illumina HiSeq 2500"	"D"	"unspecified"	"SINGLE"	"PCR"	"METAGENOMIC"	"metagenomes"	"ILLUMINA"	"2018-02-28T00:00:00Z"	1800	"SAMEA104409172"	"ERS2027114"	"Italy"	"ERS2027114"	"ERP105451"	"straw"	15	"BC301800D"	"INRES Molecular Biology of the Rhizosphere"	"TGGGTTGTCCCGTG CCA GCM GCC GCG GTA A"
"ERR2211001"	"Sample_177"	"AMPLICON"	252	"BC39"	"GTAGAGCT"	14130628	"PRJEB23682"	"SAMEA104409182"	4004418	"INRES MOLECULAR BIOLOGY OF THE RHIZOSPHERE"	"rhizosphere"	"public"	"RR"	"fastq,sra"	"ena,gs,ncbi,s3"	"ena,ncbi.public,s3.us-east-1,gs.US"	"16S amplicons"	"ERC000011"	"2018-02-27"	"2018-11-16"	"Yes"	"ERX2265354"	"Italy"	"INRES Molecular Biology of the Rhizosphere"	"2018-02-27T17:03:08Z"	"2017-11-29T14:55:24Z"	"public"	"Illumina HiSeq 2500"	"D"	"unspecified"	"SINGLE"	"PCR"	"METAGENOMIC"	"metagenomes"	"ILLUMINA"	"2018-02-28T00:00:00Z"	1800	"SAMEA104409182"	"ERS2027124"	"Italy"	"ERS2027124"	"ERP105451"	"straw"	22	"BC391800D"	"INRES Molecular Biology of the Rhizosphere"	"GTTGTAGAGCTGTG CCA GCM GCC GCG GTA A"
"ERR2211011"	"Sample_187"	"AMPLICON"	252	"BC48"	"AGTAGTGG"	7780169	"PRJEB23682"	"SAMEA104409192"	2232784	"INRES MOLECULAR BIOLOGY OF THE RHIZOSPHERE"	"rhizosphere"	"public"	"RR"	"fastq,sra"	"ncbi,ena,gs,s3"	"ncbi.public,s3.us-east-1,ena,gs.US"	"16S amplicons"	"ERC000011"	"2018-02-27"	"2018-11-16"	"Yes"	"ERX2265364"	"Italy"	"INRES Molecular Biology of the Rhizosphere"	"2018-02-27T17:03:08Z"	"2017-11-29T14:55:25Z"	"public"	"Illumina HiSeq 2500"	"D"	"unspecified"	"SINGLE"	"PCR"	"METAGENOMIC"	"metagenomes"	"ILLUMINA"	"2018-02-28T00:00:00Z"	1800	"SAMEA104409192"	"ERS2027134"	"Italy"	"ERS2027134"	"ERP105451"	"straw"	29	"BC481800D"	"INRES Molecular Biology of the Rhizosphere"	"TATAGTAGTGGGTG CCA GCM GCC GCG GTA A"
"ERR2211021"	"Sample_197"	"AMPLICON"	252	"BC13"	"GCAGCCTC"	13777866	"PRJEB23682"	"SAMEA104409202"	3826652	"INRES MOLECULAR BIOLOGY OF THE RHIZOSPHERE"	"rhizosphere"	"public"	"RR"	"fastq,sra"	"ena,ncbi,gs,s3"	"ncbi.public,s3.us-east-1,ena,gs.US"	"16S amplicons"	"ERC000011"	"2018-02-27"	"2018-11-16"	"Yes"	"ERX2265374"	"Italy"	"INRES Molecular Biology of the Rhizosphere"	"2018-02-27T17:03:08Z"	"2017-11-29T14:55:25Z"	"public"	"Illumina HiSeq 2500"	"E"	"unspecified"	"SINGLE"	"PCR"	"METAGENOMIC"	"metagenomes"	"ILLUMINA"	"2018-02-28T00:00:00Z"	1800	"SAMEA104409202"	"ERS2027144"	"Italy"	"ERS2027144"	"ERP105451"	"straw"	57	"BC131800E"	"INRES Molecular Biology of the Rhizosphere"	"CAATTGCAGCCTCGTG CCA GCM GCC GCG GTA A"
"ERR2211031"	"Sample_207"	"AMPLICON"	252	"BC22"	"GAGAACTC"	8065944	"PRJEB23682"	"SAMEA104409212"	2329437	"INRES MOLECULAR BIOLOGY OF THE RHIZOSPHERE"	"rhizosphere"	"public"	"RR"	"fastq,sra"	"ncbi,s3,ena,gs"	"s3.us-east-1,ncbi.public,ena,gs.US"	"16S amplicons"	"ERC000011"	"2018-02-27"	"2018-11-16"	"Yes"	"ERX2265384"	"Italy"	"INRES Molecular Biology of the Rhizosphere"	"2018-02-27T17:03:08Z"	"2017-11-29T14:55:25Z"	"public"	"Illumina HiSeq 2500"	"E"	"unspecified"	"SINGLE"	"PCR"	"METAGENOMIC"	"metagenomes"	"ILLUMINA"	"2018-02-28T00:00:00Z"	1800	"SAMEA104409212"	"ERS2027154"	"Italy"	"ERS2027154"	"ERP105451"	"straw"	85	"BC221800E"	"INRES Molecular Biology of the Rhizosphere"	"GGGCAGAGAACTCGTG CCA GCM GCC GCG GTA A"
"ERR2211041"	"Sample_217"	"AMPLICON"	252	"BC3"	"ATATAGGA"	8205118	"PRJEB23682"	"SAMEA104409222"	2330986	"INRES MOLECULAR BIOLOGY OF THE RHIZOSPHERE"	"rhizosphere"	"public"	"RR"	"sra,fastq"	"ncbi,ena,gs,s3"	"s3.us-east-1,gs.US,ncbi.public,ena"	"16S amplicons"	"ERC000011"	"2018-02-27"	"2018-11-16"	"Yes"	"ERX2265394"	"Italy"	"INRES Molecular Biology of the Rhizosphere"	"2018-02-27T17:03:08Z"	"2017-11-29T14:55:26Z"	"public"	"Illumina HiSeq 2500"	"E"	"unspecified"	"SINGLE"	"PCR"	"METAGENOMIC"	"metagenomes"	"ILLUMINA"	"2018-02-28T00:00:00Z"	1800	"SAMEA104409222"	"ERS2027164"	"Italy"	"ERS2027164"	"ERP105451"	"no straw"	43	"BC31800E"	"INRES Molecular Biology of the Rhizosphere"	"TGGAGATATAGGAGTG CCA GCM GCC GCG GTA A"
"ERR2211061"	"Sample_237"	"AMPLICON"	252	"BC6"	"CGTCGGCT"	5627707	"PRJEB23682"	"SAMEA104409242"	1649809	"INRES MOLECULAR BIOLOGY OF THE RHIZOSPHERE"	"rhizosphere"	"public"	"RR"	"sra,fastq"	"ncbi,ena,gs,s3"	"s3.us-east-1,gs.US,ncbi.public,ena"	"16S amplicons"	"ERC000011"	"2018-02-27"	"2018-11-16"	"Yes"	"ERX2265414"	"Italy"	"INRES Molecular Biology of the Rhizosphere"	"2018-02-27T17:03:08Z"	"2017-11-29T14:55:27Z"	"public"	"Illumina HiSeq 2500"	"E"	"unspecified"	"SINGLE"	"PCR"	"METAGENOMIC"	"metagenomes"	"ILLUMINA"	"2018-02-28T00:00:00Z"	1800	"SAMEA104409242"	"ERS2027184"	"Italy"	"ERS2027184"	"ERP105451"	"straw"	43	"BC61800E"	"INRES Molecular Biology of the Rhizosphere"	"AAACGTCGGCTGTG CCA GCM GCC GCG GTA A"
"ERR2211081"	"Sample_257"	"AMPLICON"	252	"BC24"	"GTACTTGC"	8315078	"PRJEB23682"	"SAMEA104409262"	2308128	"INRES MOLECULAR BIOLOGY OF THE RHIZOSPHERE"	"rhizosphere"	"public"	"MM"	"fastq,sra"	"gs,ncbi,s3,ena"	"s3.us-east-1,ena,ncbi.public,gs.US"	"16S amplicons"	"ERC000011"	"2018-02-27"	"2018-11-16"	"Yes"	"ERX2265434"	"Italy"	"INRES Molecular Biology of the Rhizosphere"	"2018-02-27T17:03:08Z"	"2017-11-29T14:55:27Z"	"public"	"Illumina HiSeq 2500"	"F"	"unspecified"	"SINGLE"	"PCR"	"METAGENOMIC"	"metagenomes"	"ILLUMINA"	"2018-02-28T00:00:00Z"	1800	"SAMEA104409262"	"ERS2027204"	"Italy"	"ERS2027204"	"ERP105451"	"straw"	8	"BC241800F"	"INRES Molecular Biology of the Rhizosphere"	"GAATGGTACTTGCGTG CCA GCM GCC GCG GTA A"
"ERR2211101"	"Sample_277"	"AMPLICON"	252	"BC42"	"TGTAGGTC"	8860983	"PRJEB23682"	"SAMEA104409282"	2411016	"INRES MOLECULAR BIOLOGY OF THE RHIZOSPHERE"	"rhizosphere"	"public"	"MM"	"fastq,sra"	"ena,s3,gs,ncbi"	"ena,ncbi.public,gs.US,s3.us-east-1"	"16S amplicons"	"ERC000011"	"2018-02-27"	"2018-11-16"	"Yes"	"ERX2265454"	"Italy"	"INRES Molecular Biology of the Rhizosphere"	"2018-02-27T17:03:08Z"	"2017-11-29T14:55:28Z"	"public"	"Illumina HiSeq 2500"	"F"	"unspecified"	"SINGLE"	"PCR"	"METAGENOMIC"	"metagenomes"	"ILLUMINA"	"2018-02-28T00:00:00Z"	1800	"SAMEA104409282"	"ERS2027224"	"Italy"	"ERS2027224"	"ERP105451"	"no straw"	43	"BC421800F"	"INRES Molecular Biology of the Rhizosphere"	"AGGTTGTAGGTCGTG CCA GCM GCC GCG GTA A"
"ERR2211181"	"Sample_357"	"AMPLICON"	249	"BC21"	"CTAGATTC"	2664350	"PRJEB23682"	"SAMEA104409362"	880959	"INRES MOLECULAR BIOLOGY OF THE RHIZOSPHERE"	"rhizosphere"	"public"	"RR"	"fastq,sra"	"ena,ncbi,gs,s3"	"ncbi.public,s3.us-east-1,ena,gs.US"	"16S amplicons"	"ERC000011"	"2018-02-27"	"2018-11-16"	"Yes"	"ERX2265534"	"Philippines"	"INRES Molecular Biology of the Rhizosphere"	"2018-02-27T17:03:08Z"	"2017-11-29T14:55:31Z"	"public"	"Illumina HiSeq 2500"	"B"	"unspecified"	"SINGLE"	"PCR"	"METAGENOMIC"	"metagenomes"	"ILLUMINA"	"2018-02-28T00:00:00Z"	2131	"SAMEA104409362"	"ERS2027304"	"IRRI"	"ERS2027304"	"ERP105451"	"straw"	15	"BC212131B"	"INRES Molecular Biology of the Rhizosphere"	"TCCGGCTAGATTCGTG CCA GCM GCC GCG GTA A"
"ERR2211611"	"Sample_787"	"AMPLICON"	282	"BC17"	"ACTAACTG"	2800860	"PRJEB23682"	"SAMEA104409792"	707810	"INRES MOLECULAR BIOLOGY OF THE RHIZOSPHERE"	"rhizosphere"	"public"	"MM"	"sra,fastq"	"ncbi,gs,ena,s3"	"ncbi.public,ena,gs.US,s3.us-east-1"	"ITS amplicons"	"ERC000011"	"2018-02-27"	"2018-11-16"	"Yes"	"ERX2265964"	"Italy"	"INRES Molecular Biology of the Rhizosphere"	"2018-02-27T17:03:08Z"	"2017-11-29T14:55:46Z"	"public"	"Illumina HiSeq 2500"	"E"	"unspecified"	"SINGLE"	"PCR"	"METAGENOMIC"	"metagenomes"	"ILLUMINA"	"2018-02-28T00:00:00Z"	2584	"SAMEA104409792"	"ERS2027734"	"Italy"	"ERS2027734"	"ERP105451"	"no straw"	15	"BC172584E"	"INRES Molecular Biology of the Rhizosphere"	"ACTAACTGCTTGGTCATTTAGAGGAAGTAA"
"ERR2211631"	"Sample_807"	"AMPLICON"	236	"BC35"	"CGAACTGT"	7854114	"PRJEB23682"	"SAMEA104409812"	2208020	"INRES MOLECULAR BIOLOGY OF THE RHIZOSPHERE"	"rhizosphere"	"public"	"MM"	"fastq,sra"	"ena,s3,gs,ncbi"	"ncbi.public,ena,gs.US,s3.us-east-1"	"ITS amplicons"	"ERC000011"	"2018-02-27"	"2018-11-16"	"Yes"	"ERX2265984"	"Italy"	"INRES Molecular Biology of the Rhizosphere"	"2018-02-27T17:03:08Z"	"2017-11-29T14:55:46Z"	"public"	"Illumina HiSeq 2500"	"E"	"unspecified"	"SINGLE"	"PCR"	"METAGENOMIC"	"metagenomes"	"ILLUMINA"	"2018-02-28T00:00:00Z"	2584	"SAMEA104409812"	"ERS2027754"	"Italy"	"ERS2027754"	"ERP105451"	"straw"	43	"BC352584E"	"INRES Molecular Biology of the Rhizosphere"	"CGAACTGTCTTGGTCATTTAGAGGAAGTAA"
"ERR2210992"	"Sample_168"	"AMPLICON"	251	"BC31"	"TCATTAGG"	12820763	"PRJEB23682"	"SAMEA104409173"	3674677	"INRES MOLECULAR BIOLOGY OF THE RHIZOSPHERE"	"rhizosphere"	"public"	"RR"	"fastq,sra"	"ena,gs,ncbi,s3"	"ncbi.public,gs.US,s3.us-east-1,ena"	"16S amplicons"	"ERC000011"	"2018-02-27"	"2018-11-16"	"Yes"	"ERX2265345"	"Italy"	"INRES Molecular Biology of the Rhizosphere"	"2018-02-27T17:03:08Z"	"2017-11-29T14:55:24Z"	"public"	"Illumina HiSeq 2500"	"D"	"unspecified"	"SINGLE"	"PCR"	"METAGENOMIC"	"metagenomes"	"ILLUMINA"	"2018-02-28T00:00:00Z"	1800	"SAMEA104409173"	"ERS2027115"	"Italy"	"ERS2027115"	"ERP105451"	"straw"	15	"BC311800D"	"INRES Molecular Biology of the Rhizosphere"	"GTTTTCATTAGGGTG CCA GCM GCC GCG GTA A"
"ERR2211022"	"Sample_198"	"AMPLICON"	252	"BC14"	"GGCGAGGA"	14817695	"PRJEB23682"	"SAMEA104409203"	4189826	"INRES MOLECULAR BIOLOGY OF THE RHIZOSPHERE"	"rhizosphere"	"public"	"RR"	"fastq,sra"	"ena,gs,ncbi,s3"	"ncbi.public,ena,s3.us-east-1,gs.US"	"16S amplicons"	"ERC000011"	"2018-02-27"	"2018-11-16"	"Yes"	"ERX2265375"	"Italy"	"INRES Molecular Biology of the Rhizosphere"	"2018-02-27T17:03:08Z"	"2017-11-29T14:55:25Z"	"public"	"Illumina HiSeq 2500"	"E"	"unspecified"	"SINGLE"	"PCR"	"METAGENOMIC"	"metagenomes"	"ILLUMINA"	"2018-02-28T00:00:00Z"	1800	"SAMEA104409203"	"ERS2027145"	"Italy"	"ERS2027145"	"ERP105451"	"straw"	57	"BC141800E"	"INRES Molecular Biology of the Rhizosphere"	"CCCGGGGCGAGGAGTG CCA GCM GCC GCG GTA A"
"ERR2211032"	"Sample_208"	"AMPLICON"	251	"BC23"	"GCTCAGTT"	13879330	"PRJEB23682"	"SAMEA104409213"	3948757	"INRES MOLECULAR BIOLOGY OF THE RHIZOSPHERE"	"rhizosphere"	"public"	"RR"	"fastq,sra"	"ena,gs,s3,ncbi"	"ncbi.public,s3.us-east-1,gs.US,ena"	"16S amplicons"	"ERC000011"	"2018-02-27"	"2018-11-16"	"Yes"	"ERX2265385"	"Italy"	"INRES Molecular Biology of the Rhizosphere"	"2018-02-27T17:03:08Z"	"2017-11-29T14:55:25Z"	"public"	"Illumina HiSeq 2500"	"E"	"unspecified"	"SINGLE"	"PCR"	"METAGENOMIC"	"metagenomes"	"ILLUMINA"	"2018-02-28T00:00:00Z"	1800	"SAMEA104409213"	"ERS2027155"	"Italy"	"ERS2027155"	"ERP105451"	"straw"	85	"BC231800E"	"INRES Molecular Biology of the Rhizosphere"	"GTTAGCTCAGTTGTG CCA GCM GCC GCG GTA A"
"ERR2211052"	"Sample_228"	"AMPLICON"	252	"BC4"	"CACAGTTG"	16197234	"PRJEB23682"	"SAMEA104409233"	4541039	"INRES MOLECULAR BIOLOGY OF THE RHIZOSPHERE"	"rhizosphere"	"public"	"RR"	"sra,fastq"	"gs,ncbi,ena,s3"	"ena,ncbi.public,gs.US,s3.us-east-1"	"16S amplicons"	"ERC000011"	"2018-02-27"	"2018-11-16"	"Yes"	"ERX2265405"	"Italy"	"INRES Molecular Biology of the Rhizosphere"	"2018-02-27T17:03:08Z"	"2017-11-29T14:55:26Z"	"public"	"Illumina HiSeq 2500"	"E"	"unspecified"	"SINGLE"	"PCR"	"METAGENOMIC"	"metagenomes"	"ILLUMINA"	"2018-02-28T00:00:00Z"	1800	"SAMEA104409233"	"ERS2027175"	"Italy"	"ERS2027175"	"ERP105451"	"no straw"	43	"BC41800E"	"INRES Molecular Biology of the Rhizosphere"	"GAACACAGTTGGTG CCA GCM GCC GCG GTA A"
"ERR2211062"	"Sample_238"	"AMPLICON"	251	"BC7"	"GACGTCAA"	1985924	"PRJEB23682"	"SAMEA104409243"	634335	"INRES MOLECULAR BIOLOGY OF THE RHIZOSPHERE"	"rhizosphere"	"public"	"RR"	"fastq,sra"	"ncbi,ena,gs,s3"	"s3.us-east-1,ncbi.public,ena,gs.US"	"16S amplicons"	"ERC000011"	"2018-02-27"	"2018-11-16"	"Yes"	"ERX2265415"	"Italy"	"INRES Molecular Biology of the Rhizosphere"	"2018-02-27T17:03:08Z"	"2017-11-29T14:55:27Z"	"public"	"Illumina HiSeq 2500"	"E"	"unspecified"	"SINGLE"	"PCR"	"METAGENOMIC"	"metagenomes"	"ILLUMINA"	"2018-02-28T00:00:00Z"	1800	"SAMEA104409243"	"ERS2027185"	"Italy"	"ERS2027185"	"ERP105451"	"straw"	43	"BC71800E"	"INRES Molecular Biology of the Rhizosphere"	"TAACGACGTCAAGTG CCA GCM GCC GCG GTA A"
"ERR2211082"	"Sample_258"	"AMPLICON"	252	"BC25"	"TACGAATC"	3051087	"PRJEB23682"	"SAMEA104409263"	906951	"INRES MOLECULAR BIOLOGY OF THE RHIZOSPHERE"	"rhizosphere"	"public"	"MM"	"fastq,sra"	"ena,s3,ncbi,gs"	"s3.us-east-1,ncbi.public,ena,gs.US"	"16S amplicons"	"ERC000011"	"2018-02-27"	"2018-11-16"	"Yes"	"ERX2265435"	"Italy"	"INRES Molecular Biology of the Rhizosphere"	"2018-02-27T17:03:08Z"	"2017-11-29T14:55:27Z"	"public"	"Illumina HiSeq 2500"	"F"	"unspecified"	"SINGLE"	"PCR"	"METAGENOMIC"	"metagenomes"	"ILLUMINA"	"2018-02-28T00:00:00Z"	1800	"SAMEA104409263"	"ERS2027205"	"Italy"	"ERS2027205"	"ERP105451"	"no straw"	15	"BC251800F"	"INRES Molecular Biology of the Rhizosphere"	"TCCGTTACGAATCGTG CCA GCM GCC GCG GTA A"
"ERR2211092"	"Sample_268"	"AMPLICON"	252	"BC34"	"CAGGAGGC"	8963924	"PRJEB23682"	"SAMEA104409273"	2395546	"INRES MOLECULAR BIOLOGY OF THE RHIZOSPHERE"	"rhizosphere"	"public"	"MM"	"sra,fastq"	"gs,s3,ena,ncbi"	"ncbi.public,gs.US,s3.us-east-1,ena"	"16S amplicons"	"ERC000011"	"2018-02-27"	"2018-11-16"	"Yes"	"ERX2265445"	"Italy"	"INRES Molecular Biology of the Rhizosphere"	"2018-02-27T17:03:08Z"	"2017-11-29T14:55:28Z"	"public"	"Illumina HiSeq 2500"	"F"	"unspecified"	"SINGLE"	"PCR"	"METAGENOMIC"	"metagenomes"	"ILLUMINA"	"2018-02-28T00:00:00Z"	1800	"SAMEA104409273"	"ERS2027215"	"Italy"	"ERS2027215"	"ERP105451"	"no straw"	29	"BC341800F"	"INRES Molecular Biology of the Rhizosphere"	"CAACCAGGAGGCGTG CCA GCM GCC GCG GTA A"
"ERR2211102"	"Sample_278"	"AMPLICON"	252	"BC43"	"AAGCGGTC"	6958788	"PRJEB23682"	"SAMEA104409283"	1911097	"INRES MOLECULAR BIOLOGY OF THE RHIZOSPHERE"	"rhizosphere"	"public"	"MM"	"fastq,sra"	"ena,ncbi,gs,s3"	"ncbi.public,s3.us-east-1,ena,gs.US"	"16S amplicons"	"ERC000011"	"2018-02-27"	"2018-11-16"	"Yes"	"ERX2265455"	"Italy"	"INRES Molecular Biology of the Rhizosphere"	"2018-02-27T17:03:08Z"	"2017-11-29T14:55:28Z"	"public"	"Illumina HiSeq 2500"	"F"	"unspecified"	"SINGLE"	"PCR"	"METAGENOMIC"	"metagenomes"	"ILLUMINA"	"2018-02-28T00:00:00Z"	1800	"SAMEA104409283"	"ERS2027225"	"Italy"	"ERS2027225"	"ERP105451"	"no straw"	43	"BC431800F"	"INRES Molecular Biology of the Rhizosphere"	"TTTAAAGCGGTCGTG CCA GCM GCC GCG GTA A"
"ERR2211272"	"Sample_448"	"AMPLICON"	249	"BC18"	"ATCCTATT"	8245260	"PRJEB23682"	"SAMEA104409453"	2577418	"INRES MOLECULAR BIOLOGY OF THE RHIZOSPHERE"	"rhizosphere"	"public"	"MR"	"sra,fastq"	"ena,s3,gs,ncbi"	"ncbi.public,ena,s3.us-east-1,gs.US"	"16S amplicons"	"ERC000011"	"2018-02-27"	"2018-11-16"	"Yes"	"ERX2265625"	"Philippines"	"INRES Molecular Biology of the Rhizosphere"	"2018-02-27T17:03:08Z"	"2017-11-29T14:55:35Z"	"public"	"Illumina HiSeq 2500"	"D"	"unspecified"	"SINGLE"	"PCR"	"METAGENOMIC"	"metagenomes"	"ILLUMINA"	"2018-02-28T00:00:00Z"	2131	"SAMEA104409453"	"ERS2027395"	"Tarlac"	"ERS2027395"	"ERP105451"	"straw"	43	"BC182131D"	"INRES Molecular Biology of the Rhizosphere"	"GAAAATCCTATTGTG CCA GCM GCC GCG GTA A"
"ERR2211422"	"Sample_598"	"AMPLICON"	244	"BC1"	"AACACCTA"	5082288	"PRJEB23682"	"SAMEA104409603"	1555088	"INRES MOLECULAR BIOLOGY OF THE RHIZOSPHERE"	"rhizosphere"	"public"	"MR"	"fastq,sra"	"ena,gs,ncbi,s3"	"ena,s3.us-east-1,ncbi.public,gs.US"	"ITS amplicons"	"ERC000011"	"2018-02-27"	"2018-11-16"	"Yes"	"ERX2265775"	"Philippines"	"INRES Molecular Biology of the Rhizosphere"	"2018-02-27T17:03:08Z"	"2017-11-29T14:55:39Z"	"public"	"Illumina HiSeq 2500"	"A"	"unspecified"	"SINGLE"	"PCR"	"METAGENOMIC"	"metagenomes"	"ILLUMINA"	"2018-02-28T00:00:00Z"	2584	"SAMEA104409603"	"ERS2027545"	"IRRI"	"ERS2027545"	"ERP105451"	"no straw"	43	"BC12584A"	"INRES Molecular Biology of the Rhizosphere"	"AACACCTACTTGGTCATTTAGAGGAAGTAA"
"ERR2211532"	"Sample_708"	"AMPLICON"	222	"BC29"	"GGTCCTTG"	18957945	"PRJEB23682"	"SAMEA104409713"	4597520	"INRES MOLECULAR BIOLOGY OF THE RHIZOSPHERE"	"rhizosphere"	"public"	"RR"	"fastq,sra"	"ena,gs,s3,ncbi"	"ncbi.public,s3.us-east-1,gs.US,ena"	"ITS amplicons"	"ERC000011"	"2018-02-27"	"2018-11-16"	"Yes"	"ERX2265885"	"Italy"	"INRES Molecular Biology of the Rhizosphere"	"2018-02-27T17:03:08Z"	"2017-11-29T14:55:43Z"	"public"	"Illumina HiSeq 2500"	"C"	"unspecified"	"SINGLE"	"PCR"	"METAGENOMIC"	"metagenomes"	"ILLUMINA"	"2018-02-28T00:00:00Z"	2584	"SAMEA104409713"	"ERS2027655"	"Italy"	"ERS2027655"	"ERP105451"	"no straw"	43	"BC292584C"	"INRES Molecular Biology of the Rhizosphere"	"GGTCCTTGCTTGGTCATTTAGAGGAAGTAA"
"ERR2210983"	"Sample_159"	"AMPLICON"	252	"BC22"	"GAGAACTC"	8972693	"PRJEB23682"	"SAMEA104409164"	2560039	"INRES MOLECULAR BIOLOGY OF THE RHIZOSPHERE"	"rhizosphere"	"public"	"RR"	"fastq,sra"	"gs,ncbi,s3,ena"	"gs.US,ena,s3.us-east-1,ncbi.public"	"16S amplicons"	"ERC000011"	"2018-02-27"	"2018-11-16"	"Yes"	"ERX2265336"	"Italy"	"INRES Molecular Biology of the Rhizosphere"	"2018-02-27T17:03:08Z"	"2017-11-29T14:55:24Z"	"public"	"Illumina HiSeq 2500"	"D"	"unspecified"	"SINGLE"	"PCR"	"METAGENOMIC"	"metagenomes"	"ILLUMINA"	"2018-02-28T00:00:00Z"	1800	"SAMEA104409164"	"ERS2027106"	"Italy"	"ERS2027106"	"ERP105451"	"straw"	8	"BC221800D"	"INRES Molecular Biology of the Rhizosphere"	"GGGCAGAGAACTCGTG CCA GCM GCC GCG GTA A"
"ERR2211033"	"Sample_209"	"AMPLICON"	252	"BC24"	"GTACTTGC"	21551992	"PRJEB23682"	"SAMEA104409214"	6094082	"INRES MOLECULAR BIOLOGY OF THE RHIZOSPHERE"	"rhizosphere"	"public"	"RR"	"sra,fastq"	"ncbi,s3,ena,gs"	"s3.us-east-1,ena,gs.US,ncbi.public"	"16S amplicons"	"ERC000011"	"2018-02-27"	"2018-11-16"	"Yes"	"ERX2265386"	"Italy"	"INRES Molecular Biology of the Rhizosphere"	"2018-02-27T17:03:08Z"	"2017-11-29T14:55:25Z"	"public"	"Illumina HiSeq 2500"	"E"	"unspecified"	"SINGLE"	"PCR"	"METAGENOMIC"	"metagenomes"	"ILLUMINA"	"2018-02-28T00:00:00Z"	1800	"SAMEA104409214"	"ERS2027156"	"Italy"	"ERS2027156"	"ERP105451"	"straw"	85	"BC241800E"	"INRES Molecular Biology of the Rhizosphere"	"GAATGGTACTTGCGTG CCA GCM GCC GCG GTA A"
"ERR2211063"	"Sample_239"	"AMPLICON"	251	"BC8"	"GCGTTTCG"	20673532	"PRJEB23682"	"SAMEA104409244"	5789612	"INRES MOLECULAR BIOLOGY OF THE RHIZOSPHERE"	"rhizosphere"	"public"	"RR"	"fastq,sra"	"ena,gs,ncbi,s3"	"ncbi.public,s3.us-east-1,ena,gs.US"	"16S amplicons"	"ERC000011"	"2018-02-27"	"2018-11-16"	"Yes"	"ERX2265416"	"Italy"	"INRES Molecular Biology of the Rhizosphere"	"2018-02-27T17:03:08Z"	"2017-11-29T14:55:27Z"	"public"	"Illumina HiSeq 2500"	"E"	"unspecified"	"SINGLE"	"PCR"	"METAGENOMIC"	"metagenomes"	"ILLUMINA"	"2018-02-28T00:00:00Z"	1800	"SAMEA104409244"	"ERS2027186"	"Italy"	"ERS2027186"	"ERP105451"	"straw"	43	"BC81800E"	"INRES Molecular Biology of the Rhizosphere"	"ACCCGCGTTTCGGTG CCA GCM GCC GCG GTA A"
"ERR2211073"	"Sample_249"	"AMPLICON"	252	"BC17"	"ACTAACTG"	7947832	"PRJEB23682"	"SAMEA104409254"	2120367	"INRES MOLECULAR BIOLOGY OF THE RHIZOSPHERE"	"rhizosphere"	"public"	"MM"	"sra,fastq"	"gs,ncbi,ena,s3"	"ena,ncbi.public,s3.us-east-1,gs.US"	"16S amplicons"	"ERC000011"	"2018-02-27"	"2018-11-16"	"Yes"	"ERX2265426"	"Italy"	"INRES Molecular Biology of the Rhizosphere"	"2018-02-27T17:03:08Z"	"2017-11-29T14:55:27Z"	"public"	"Illumina HiSeq 2500"	"F"	"unspecified"	"SINGLE"	"PCR"	"METAGENOMIC"	"metagenomes"	"ILLUMINA"	"2018-02-28T00:00:00Z"	1800	"SAMEA104409254"	"ERS2027196"	"Italy"	"ERS2027196"	"ERP105451"	"no straw"	8	"BC171800F"	"INRES Molecular Biology of the Rhizosphere"	"CAATGACTAACTGGTG CCA GCM GCC GCG GTA A"
"ERR2211083"	"Sample_259"	"AMPLICON"	252	"BC26"	"TCCTACTA"	9174480	"PRJEB23682"	"SAMEA104409264"	2588505	"INRES MOLECULAR BIOLOGY OF THE RHIZOSPHERE"	"rhizosphere"	"public"	"MM"	"sra,fastq"	"gs,ncbi,ena,s3"	"ena,s3.us-east-1,gs.US,ncbi.public"	"16S amplicons"	"ERC000011"	"2018-02-27"	"2018-11-16"	"Yes"	"ERX2265436"	"Italy"	"INRES Molecular Biology of the Rhizosphere"	"2018-02-27T17:03:08Z"	"2017-11-29T14:55:27Z"	"public"	"Illumina HiSeq 2500"	"F"	"unspecified"	"SINGLE"	"PCR"	"METAGENOMIC"	"metagenomes"	"ILLUMINA"	"2018-02-28T00:00:00Z"	1800	"SAMEA104409264"	"ERS2027206"	"Italy"	"ERS2027206"	"ERP105451"	"no straw"	15	"BC261800F"	"INRES Molecular Biology of the Rhizosphere"	"AGGTCCTACTAGTG CCA GCM GCC GCG GTA A"
"ERR2211093"	"Sample_269"	"AMPLICON"	252	"BC35"	"CGAACTGT"	14739512	"PRJEB23682"	"SAMEA104409274"	3951252	"INRES MOLECULAR BIOLOGY OF THE RHIZOSPHERE"	"rhizosphere"	"public"	"MM"	"sra,fastq"	"gs,ncbi,ena,s3"	"gs.US,ena,ncbi.public,s3.us-east-1"	"16S amplicons"	"ERC000011"	"2018-02-27"	"2018-11-16"	"Yes"	"ERX2265446"	"Italy"	"INRES Molecular Biology of the Rhizosphere"	"2018-02-27T17:03:08Z"	"2017-11-29T14:55:28Z"	"public"	"Illumina HiSeq 2500"	"F"	"unspecified"	"SINGLE"	"PCR"	"METAGENOMIC"	"metagenomes"	"ILLUMINA"	"2018-02-28T00:00:00Z"	1800	"SAMEA104409274"	"ERS2027216"	"Italy"	"ERS2027216"	"ERP105451"	"no straw"	29	"BC351800F"	"INRES Molecular Biology of the Rhizosphere"	"GGCCGAACTGTGTG CCA GCM GCC GCG GTA A"
"ERR2211103"	"Sample_279"	"AMPLICON"	252	"BC44"	"ACTCTAAG"	5331291	"PRJEB23682"	"SAMEA104409284"	1451158	"INRES MOLECULAR BIOLOGY OF THE RHIZOSPHERE"	"rhizosphere"	"public"	"MM"	"fastq,sra"	"ena,gs,ncbi,s3"	"ncbi.public,s3.us-east-1,ena,gs.US"	"16S amplicons"	"ERC000011"	"2018-02-27"	"2018-11-16"	"Yes"	"ERX2265456"	"Italy"	"INRES Molecular Biology of the Rhizosphere"	"2018-02-27T17:03:08Z"	"2017-11-29T14:55:28Z"	"public"	"Illumina HiSeq 2500"	"F"	"unspecified"	"SINGLE"	"PCR"	"METAGENOMIC"	"metagenomes"	"ILLUMINA"	"2018-02-28T00:00:00Z"	1800	"SAMEA104409284"	"ERS2027226"	"Italy"	"ERS2027226"	"ERP105451"	"no straw"	43	"BC441800F"	"INRES Molecular Biology of the Rhizosphere"	"GGGCCACTCTAAGGTG CCA GCM GCC GCG GTA A"
"ERR2211113"	"Sample_289"	"AMPLICON"	252	"BC1"	"AACACCTA"	11852496	"PRJEB23682"	"SAMEA104409294"	3358953	"INRES MOLECULAR BIOLOGY OF THE RHIZOSPHERE"	"rhizosphere"	"public"	"MM"	"fastq,sra"	"ncbi,ena,gs,s3"	"s3.us-east-1,gs.US,ncbi.public,ena"	"16S amplicons"	"ERC000011"	"2018-02-27"	"2018-11-16"	"Yes"	"ERX2265466"	"Italy"	"INRES Molecular Biology of the Rhizosphere"	"2018-02-27T17:03:08Z"	"2017-11-29T14:55:29Z"	"public"	"Illumina HiSeq 2500"	"G"	"unspecified"	"SINGLE"	"PCR"	"METAGENOMIC"	"metagenomes"	"ILLUMINA"	"2018-02-28T00:00:00Z"	1800	"SAMEA104409294"	"ERS2027236"	"Italy"	"ERS2027236"	"ERP105451"	"no straw"	85	"BC11800G"	"INRES Molecular Biology of the Rhizosphere"	"GGGCTAACACCTAGTG CCA GCM GCC GCG GTA A"
"ERR2211183"	"Sample_359"	"AMPLICON"	249	"BC22"	"GAGAACTC"	2464253	"PRJEB23682"	"SAMEA104409364"	827034	"INRES MOLECULAR BIOLOGY OF THE RHIZOSPHERE"	"rhizosphere"	"public"	"RR"	"fastq,sra"	"s3,gs,ncbi,ena"	"gs.US,ncbi.public,ena,s3.us-east-1"	"16S amplicons"	"ERC000011"	"2018-02-27"	"2018-11-16"	"Yes"	"ERX2265536"	"Philippines"	"INRES Molecular Biology of the Rhizosphere"	"2018-02-27T17:03:08Z"	"2017-11-29T14:55:31Z"	"public"	"Illumina HiSeq 2500"	"B"	"unspecified"	"SINGLE"	"PCR"	"METAGENOMIC"	"metagenomes"	"ILLUMINA"	"2018-02-28T00:00:00Z"	2131	"SAMEA104409364"	"ERS2027306"	"IRRI"	"ERS2027306"	"ERP105451"	"straw"	15	"BC222131B"	"INRES Molecular Biology of the Rhizosphere"	"GGGCAGAGAACTCGTG CCA GCM GCC GCG GTA A"
"ERR2211203"	"Sample_379"	"AMPLICON"	249	"BC41"	"TCGCGTAC"	4197005	"PRJEB23682"	"SAMEA104409384"	1345758	"INRES MOLECULAR BIOLOGY OF THE RHIZOSPHERE"	"rhizosphere"	"public"	"MR"	"fastq,sra"	"ena,gs,ncbi,s3"	"ena,ncbi.public,gs.US,s3.us-east-1"	"16S amplicons"	"ERC000011"	"2018-02-27"	"2018-11-16"	"Yes"	"ERX2265556"	"Philippines"	"INRES Molecular Biology of the Rhizosphere"	"2018-02-27T17:03:08Z"	"2017-11-29T14:55:31Z"	"public"	"Illumina HiSeq 2500"	"B"	"unspecified"	"SINGLE"	"PCR"	"METAGENOMIC"	"metagenomes"	"ILLUMINA"	"2018-02-28T00:00:00Z"	2131	"SAMEA104409384"	"ERS2027326"	"Tarlac"	"ERS2027326"	"ERP105451"	"no straw"	15	"BC412131B"	"INRES Molecular Biology of the Rhizosphere"	"GCCGTCGCGTACGTG CCA GCM GCC GCG GTA A"
"ERR2211623"	"Sample_799"	"AMPLICON"	240	"BC28"	"AACCGTGT"	4618829	"PRJEB23682"	"SAMEA104409804"	1384417	"INRES MOLECULAR BIOLOGY OF THE RHIZOSPHERE"	"rhizosphere"	"public"	"MM"	"sra,fastq"	"gs,ena,ncbi,s3"	"ncbi.public,ena,gs.US,s3.us-east-1"	"ITS amplicons"	"ERC000011"	"2018-02-27"	"2018-11-16"	"Yes"	"ERX2265976"	"Italy"	"INRES Molecular Biology of the Rhizosphere"	"2018-02-27T17:03:08Z"	"2017-11-29T14:55:46Z"	"public"	"Illumina HiSeq 2500"	"E"	"unspecified"	"SINGLE"	"PCR"	"METAGENOMIC"	"metagenomes"	"ILLUMINA"	"2018-02-28T00:00:00Z"	2584	"SAMEA104409804"	"ERS2027746"	"Italy"	"ERS2027746"	"ERP105451"	"straw"	29	"BC282584E"	"INRES Molecular Biology of the Rhizosphere"	"AACCGTGTCTTGGTCATTTAGAGGAAGTAA"
"ERR2210984"	"Sample_160"	"AMPLICON"	251	"BC23"	"GCTCAGTT"	8702787	"PRJEB23682"	"SAMEA104409165"	2498526	"INRES MOLECULAR BIOLOGY OF THE RHIZOSPHERE"	"rhizosphere"	"public"	"RR"	"sra,fastq"	"ncbi,ena,s3,gs"	"gs.US,s3.us-east-1,ncbi.public,ena"	"16S amplicons"	"ERC000011"	"2018-02-27"	"2018-11-16"	"Yes"	"ERX2265337"	"Italy"	"INRES Molecular Biology of the Rhizosphere"	"2018-02-27T17:03:08Z"	"2017-11-29T14:55:24Z"	"public"	"Illumina HiSeq 2500"	"D"	"unspecified"	"SINGLE"	"PCR"	"METAGENOMIC"	"metagenomes"	"ILLUMINA"	"2018-02-28T00:00:00Z"	1800	"SAMEA104409165"	"ERS2027107"	"Italy"	"ERS2027107"	"ERP105451"	"straw"	8	"BC231800D"	"INRES Molecular Biology of the Rhizosphere"	"GTTAGCTCAGTTGTG CCA GCM GCC GCG GTA A"
"ERR2210994"	"Sample_170"	"AMPLICON"	252	"BC32"	"TGATCCGA"	6881546	"PRJEB23682"	"SAMEA104409175"	2005184	"INRES MOLECULAR BIOLOGY OF THE RHIZOSPHERE"	"rhizosphere"	"public"	"RR"	"fastq,sra"	"ena,gs,ncbi,s3"	"ncbi.public,ena,gs.US,s3.us-east-1"	"16S amplicons"	"ERC000011"	"2018-02-27"	"2018-11-16"	"Yes"	"ERX2265347"	"Italy"	"INRES Molecular Biology of the Rhizosphere"	"2018-02-27T17:03:08Z"	"2017-11-29T14:55:24Z"	"public"	"Illumina HiSeq 2500"	"D"	"unspecified"	"SINGLE"	"PCR"	"METAGENOMIC"	"metagenomes"	"ILLUMINA"	"2018-02-28T00:00:00Z"	1800	"SAMEA104409175"	"ERS2027117"	"Italy"	"ERS2027117"	"ERP105451"	"straw"	15	"BC321800D"	"INRES Molecular Biology of the Rhizosphere"	"TTTATTGATCCGAGTG CCA GCM GCC GCG GTA A"
"ERR2211064"	"Sample_240"	"AMPLICON"	251	"BC9"	"GGTCTGAC"	8169410	"PRJEB23682"	"SAMEA104409245"	2306057	"INRES MOLECULAR BIOLOGY OF THE RHIZOSPHERE"	"rhizosphere"	"public"	"RR"	"fastq,sra"	"ena,ncbi,gs,s3"	"ncbi.public,ena,s3.us-east-1,gs.US"	"16S amplicons"	"ERC000011"	"2018-02-27"	"2018-11-16"	"Yes"	"ERX2265417"	"Italy"	"INRES Molecular Biology of the Rhizosphere"	"2018-02-27T17:03:08Z"	"2017-11-29T14:55:27Z"	"public"	"Illumina HiSeq 2500"	"E"	"unspecified"	"SINGLE"	"PCR"	"METAGENOMIC"	"metagenomes"	"ILLUMINA"	"2018-02-28T00:00:00Z"	1800	"SAMEA104409245"	"ERS2027187"	"Italy"	"ERS2027187"	"ERP105451"	"no straw"	57	"BC91800E"	"INRES Molecular Biology of the Rhizosphere"	"TGGAAGGTCTGACGTG CCA GCM GCC GCG GTA A"
"ERR2211074"	"Sample_250"	"AMPLICON"	251	"BC18"	"ATCCTATT"	7975788	"PRJEB23682"	"SAMEA104409255"	2243248	"INRES MOLECULAR BIOLOGY OF THE RHIZOSPHERE"	"rhizosphere"	"public"	"MM"	"fastq,sra"	"ena,gs,ncbi,s3"	"ncbi.public,s3.us-east-1,ena,gs.US"	"16S amplicons"	"ERC000011"	"2018-02-27"	"2018-11-16"	"Yes"	"ERX2265427"	"Italy"	"INRES Molecular Biology of the Rhizosphere"	"2018-02-27T17:03:08Z"	"2017-11-29T14:55:27Z"	"public"	"Illumina HiSeq 2500"	"F"	"unspecified"	"SINGLE"	"PCR"	"METAGENOMIC"	"metagenomes"	"ILLUMINA"	"2018-02-28T00:00:00Z"	1800	"SAMEA104409255"	"ERS2027197"	"Italy"	"ERS2027197"	"ERP105451"	"no straw"	8	"BC181800F"	"INRES Molecular Biology of the Rhizosphere"	"GAAAATCCTATTGTG CCA GCM GCC GCG GTA A"
"ERR2211094"	"Sample_270"	"AMPLICON"	252	"BC36"	"CTAGTCAT"	6921539	"PRJEB23682"	"SAMEA104409275"	1871259	"INRES MOLECULAR BIOLOGY OF THE RHIZOSPHERE"	"rhizosphere"	"public"	"MM"	"sra,fastq"	"gs,ncbi,s3,ena"	"s3.us-east-1,ena,ncbi.public,gs.US"	"16S amplicons"	"ERC000011"	"2018-02-27"	"2018-11-16"	"Yes"	"ERX2265447"	"Italy"	"INRES Molecular Biology of the Rhizosphere"	"2018-02-27T17:03:08Z"	"2017-11-29T14:55:28Z"	"public"	"Illumina HiSeq 2500"	"F"	"unspecified"	"SINGLE"	"PCR"	"METAGENOMIC"	"metagenomes"	"ILLUMINA"	"2018-02-28T00:00:00Z"	1800	"SAMEA104409275"	"ERS2027217"	"Italy"	"ERS2027217"	"ERP105451"	"no straw"	29	"BC361800F"	"INRES Molecular Biology of the Rhizosphere"	"AAAACTAGTCATGTG CCA GCM GCC GCG GTA A"
"ERR2211104"	"Sample_280"	"AMPLICON"	251	"BC45"	"TGAGAGTG"	10897825	"PRJEB23682"	"SAMEA104409285"	3108881	"INRES MOLECULAR BIOLOGY OF THE RHIZOSPHERE"	"rhizosphere"	"public"	"MM"	"fastq,sra"	"s3,ena,gs,ncbi"	"ncbi.public,gs.US,ena,s3.us-east-1"	"16S amplicons"	"ERC000011"	"2018-02-27"	"2018-11-16"	"Yes"	"ERX2265457"	"Italy"	"INRES Molecular Biology of the Rhizosphere"	"2018-02-27T17:03:08Z"	"2017-11-29T14:55:28Z"	"public"	"Illumina HiSeq 2500"	"F"	"unspecified"	"SINGLE"	"PCR"	"METAGENOMIC"	"metagenomes"	"ILLUMINA"	"2018-02-28T00:00:00Z"	1800	"SAMEA104409285"	"ERS2027227"	"Italy"	"ERS2027227"	"ERP105451"	"straw"	43	"BC451800F"	"INRES Molecular Biology of the Rhizosphere"	"AGCTGAGAGTGGTG CCA GCM GCC GCG GTA A"
"ERR2211114"	"Sample_290"	"AMPLICON"	252	"BC2"	"ACGTAGCT"	10345812	"PRJEB23682"	"SAMEA104409295"	2917537	"INRES MOLECULAR BIOLOGY OF THE RHIZOSPHERE"	"rhizosphere"	"public"	"MM"	"fastq,sra"	"ncbi,ena,gs,s3"	"ncbi.public,s3.us-east-1,ena,gs.US"	"16S amplicons"	"ERC000011"	"2018-02-27"	"2018-11-16"	"Yes"	"ERX2265467"	"Italy"	"INRES Molecular Biology of the Rhizosphere"	"2018-02-27T17:03:08Z"	"2017-11-29T14:55:29Z"	"public"	"Illumina HiSeq 2500"	"G"	"unspecified"	"SINGLE"	"PCR"	"METAGENOMIC"	"metagenomes"	"ILLUMINA"	"2018-02-28T00:00:00Z"	1800	"SAMEA104409295"	"ERS2027237"	"Italy"	"ERS2027237"	"ERP105451"	"no straw"	85	"BC21800G"	"INRES Molecular Biology of the Rhizosphere"	"TTTAGACGTAGCTGTG CCA GCM GCC GCG GTA A"
"ERR2211244"	"Sample_420"	"AMPLICON"	249	"BC36"	"CTAGTCAT"	4100093	"PRJEB23682"	"SAMEA104409425"	1320168	"INRES MOLECULAR BIOLOGY OF THE RHIZOSPHERE"	"rhizosphere"	"public"	"RR"	"fastq,sra"	"ncbi,ena,gs,s3"	"ncbi.public,s3.us-east-1,ena,gs.US"	"16S amplicons"	"ERC000011"	"2018-02-27"	"2018-11-16"	"Yes"	"ERX2265597"	"Philippines"	"INRES Molecular Biology of the Rhizosphere"	"2018-02-27T17:03:08Z"	"2017-11-29T14:55:33Z"	"public"	"Illumina HiSeq 2500"	"C"	"unspecified"	"SINGLE"	"PCR"	"METAGENOMIC"	"metagenomes"	"ILLUMINA"	"2018-02-28T00:00:00Z"	2131	"SAMEA104409425"	"ERS2027367"	"IRRI"	"ERS2027367"	"ERP105451"	"no straw"	43	"BC362131C"	"INRES Molecular Biology of the Rhizosphere"	"AAAACTAGTCATGTG CCA GCM GCC GCG GTA A"
"ERR2211264"	"Sample_440"	"AMPLICON"	249	"BC11"	"TCCAGCCT"	5368968	"PRJEB23682"	"SAMEA104409445"	1700639	"INRES MOLECULAR BIOLOGY OF THE RHIZOSPHERE"	"rhizosphere"	"public"	"MR"	"fastq,sra"	"s3,ena,gs,ncbi"	"ncbi.public,gs.US,s3.us-east-1,ena"	"16S amplicons"	"ERC000011"	"2018-02-27"	"2018-11-16"	"Yes"	"ERX2265617"	"Philippines"	"INRES Molecular Biology of the Rhizosphere"	"2018-02-27T17:03:08Z"	"2017-11-29T14:55:34Z"	"public"	"Illumina HiSeq 2500"	"D"	"unspecified"	"SINGLE"	"PCR"	"METAGENOMIC"	"metagenomes"	"ILLUMINA"	"2018-02-28T00:00:00Z"	2131	"SAMEA104409445"	"ERS2027387"	"Tarlac"	"ERS2027387"	"ERP105451"	"no straw"	43	"BC112131D"	"INRES Molecular Biology of the Rhizosphere"	"CCCGCTCCAGCCTGTG CCA GCM GCC GCG GTA A"
"ERR2211274"	"Sample_450"	"AMPLICON"	249	"BC3"	"ATATAGGA"	4676876	"PRJEB23682"	"SAMEA104409455"	1496415	"INRES MOLECULAR BIOLOGY OF THE RHIZOSPHERE"	"rhizosphere"	"public"	"RR"	"sra,fastq"	"ncbi,ena,s3,gs"	"s3.us-east-1,ncbi.public,ena,gs.US"	"16S amplicons"	"ERC000011"	"2018-02-27"	"2018-11-16"	"Yes"	"ERX2265627"	"Philippines"	"INRES Molecular Biology of the Rhizosphere"	"2018-02-27T17:03:08Z"	"2017-11-29T14:55:35Z"	"public"	"Illumina HiSeq 2500"	"D"	"unspecified"	"SINGLE"	"PCR"	"METAGENOMIC"	"metagenomes"	"ILLUMINA"	"2018-02-28T00:00:00Z"	2131	"SAMEA104409455"	"ERS2027397"	"Tarlac"	"ERS2027397"	"ERP105451"	"no straw"	43	"BC32131D"	"INRES Molecular Biology of the Rhizosphere"	"TGGAGATATAGGAGTG CCA GCM GCC GCG GTA A"
"ERR2211354"	"Sample_530"	"AMPLICON"	247	"BC34"	"CAGGAGGC"	3080375	"PRJEB23682"	"SAMEA104409535"	984935	"INRES MOLECULAR BIOLOGY OF THE RHIZOSPHERE"	"rhizosphere"	"public"	"MR"	"fastq,sra"	"ncbi,ena,gs,s3"	"s3.us-east-1,gs.US,ncbi.public,ena"	"ITS amplicons"	"ERC000011"	"2018-02-27"	"2018-11-16"	"Yes"	"ERX2265707"	"Philippines"	"INRES Molecular Biology of the Rhizosphere"	"2018-02-27T17:03:08Z"	"2017-11-29T14:55:37Z"	"public"	"Illumina HiSeq 2500"	"B"	"unspecified"	"SINGLE"	"PCR"	"METAGENOMIC"	"metagenomes"	"ILLUMINA"	"2018-02-28T00:00:00Z"	2457	"SAMEA104409535"	"ERS2027477"	"IRRI"	"ERS2027477"	"ERP105451"	"straw"	15	"BC342457B"	"INRES Molecular Biology of the Rhizosphere"	"CAGGAGGCCTTGGTCATTTAGAGGAAGTAA"
"ERR2210985"	"Sample_161"	"AMPLICON"	252	"BC24"	"GTACTTGC"	5868552	"PRJEB23682"	"SAMEA104409166"	1713902	"INRES MOLECULAR BIOLOGY OF THE RHIZOSPHERE"	"rhizosphere"	"public"	"RR"	"sra,fastq"	"ncbi,s3,ena,gs"	"gs.US,s3.us-east-1,ena,ncbi.public"	"16S amplicons"	"ERC000011"	"2018-02-27"	"2018-11-16"	"Yes"	"ERX2265338"	"Italy"	"INRES Molecular Biology of the Rhizosphere"	"2018-02-27T17:03:08Z"	"2017-11-29T14:55:24Z"	"public"	"Illumina HiSeq 2500"	"D"	"unspecified"	"SINGLE"	"PCR"	"METAGENOMIC"	"metagenomes"	"ILLUMINA"	"2018-02-28T00:00:00Z"	1800	"SAMEA104409166"	"ERS2027108"	"Italy"	"ERS2027108"	"ERP105451"	"straw"	8	"BC241800D"	"INRES Molecular Biology of the Rhizosphere"	"GAATGGTACTTGCGTG CCA GCM GCC GCG GTA A"
"ERR2210995"	"Sample_171"	"AMPLICON"	252	"BC33"	"ATCGCCAG"	10922673	"PRJEB23682"	"SAMEA104409176"	3105757	"INRES MOLECULAR BIOLOGY OF THE RHIZOSPHERE"	"rhizosphere"	"public"	"RR"	"sra,fastq"	"gs,ncbi,ena,s3"	"ena,ncbi.public,gs.US,s3.us-east-1"	"16S amplicons"	"ERC000011"	"2018-02-27"	"2018-11-16"	"Yes"	"ERX2265348"	"Italy"	"INRES Molecular Biology of the Rhizosphere"	"2018-02-27T17:03:08Z"	"2017-11-29T14:55:24Z"	"public"	"Illumina HiSeq 2500"	"D"	"unspecified"	"SINGLE"	"PCR"	"METAGENOMIC"	"metagenomes"	"ILLUMINA"	"2018-02-28T00:00:00Z"	1800	"SAMEA104409176"	"ERS2027118"	"Italy"	"ERS2027118"	"ERP105451"	"no straw"	22	"BC331800D"	"INRES Molecular Biology of the Rhizosphere"	"ATTATCGCCAGGTG CCA GCM GCC GCG GTA A"
"ERR2211005"	"Sample_181"	"AMPLICON"	252	"BC42"	"TGTAGGTC"	10796690	"PRJEB23682"	"SAMEA104409186"	3028531	"INRES MOLECULAR BIOLOGY OF THE RHIZOSPHERE"	"rhizosphere"	"public"	"RR"	"fastq,sra"	"ena,gs,ncbi,s3"	"ncbi.public,s3.us-east-1,ena,gs.US"	"16S amplicons"	"ERC000011"	"2018-02-27"	"2018-11-16"	"Yes"	"ERX2265358"	"Italy"	"INRES Molecular Biology of the Rhizosphere"	"2018-02-27T17:03:08Z"	"2017-11-29T14:55:24Z"	"public"	"Illumina HiSeq 2500"	"D"	"unspecified"	"SINGLE"	"PCR"	"METAGENOMIC"	"metagenomes"	"ILLUMINA"	"2018-02-28T00:00:00Z"	1800	"SAMEA104409186"	"ERS2027128"	"Italy"	"ERS2027128"	"ERP105451"	"no straw"	29	"BC421800D"	"INRES Molecular Biology of the Rhizosphere"	"AGGTTGTAGGTCGTG CCA GCM GCC GCG GTA A"
"ERR2211075"	"Sample_251"	"AMPLICON"	252	"BC19"	"CACGTGTT"	6546222	"PRJEB23682"	"SAMEA104409256"	1681119	"INRES MOLECULAR BIOLOGY OF THE RHIZOSPHERE"	"rhizosphere"	"public"	"MM"	"fastq,sra"	"ncbi,ena,gs,s3"	"s3.us-east-1,ncbi.public,ena,gs.US"	"16S amplicons"	"ERC000011"	"2018-02-27"	"2018-11-16"	"Yes"	"ERX2265428"	"Italy"	"INRES Molecular Biology of the Rhizosphere"	"2018-02-27T17:03:08Z"	"2017-11-29T14:55:27Z"	"public"	"Illumina HiSeq 2500"	"F"	"unspecified"	"SINGLE"	"PCR"	"METAGENOMIC"	"metagenomes"	"ILLUMINA"	"2018-02-28T00:00:00Z"	1800	"SAMEA104409256"	"ERS2027198"	"Italy"	"ERS2027198"	"ERP105451"	"no straw"	8	"BC191800F"	"INRES Molecular Biology of the Rhizosphere"	"CTTCACGTGTTGTG CCA GCM GCC GCG GTA A"
"ERR2211085"	"Sample_261"	"AMPLICON"	252	"BC28"	"AACCGTGT"	6156320	"PRJEB23682"	"SAMEA104409266"	1761134	"INRES MOLECULAR BIOLOGY OF THE RHIZOSPHERE"	"rhizosphere"	"public"	"MM"	"sra,fastq"	"ncbi,s3,ena,gs"	"s3.us-east-1,ena,gs.US,ncbi.public"	"16S amplicons"	"ERC000011"	"2018-02-27"	"2018-11-16"	"Yes"	"ERX2265438"	"Italy"	"INRES Molecular Biology of the Rhizosphere"	"2018-02-27T17:03:08Z"	"2017-11-29T14:55:27Z"	"public"	"Illumina HiSeq 2500"	"F"	"unspecified"	"SINGLE"	"PCR"	"METAGENOMIC"	"metagenomes"	"ILLUMINA"	"2018-02-28T00:00:00Z"	1800	"SAMEA104409266"	"ERS2027208"	"Italy"	"ERS2027208"	"ERP105451"	"no straw"	15	"BC281800F"	"INRES Molecular Biology of the Rhizosphere"	"CAAAAACCGTGTGTG CCA GCM GCC GCG GTA A"
"ERR2211095"	"Sample_271"	"AMPLICON"	251	"BC37"	"GAGTTAAC"	10078663	"PRJEB23682"	"SAMEA104409276"	2854841	"INRES MOLECULAR BIOLOGY OF THE RHIZOSPHERE"	"rhizosphere"	"public"	"MM"	"fastq,sra"	"s3,ena,gs,ncbi"	"ncbi.public,gs.US,ena,s3.us-east-1"	"16S amplicons"	"ERC000011"	"2018-02-27"	"2018-11-16"	"Yes"	"ERX2265448"	"Italy"	"INRES Molecular Biology of the Rhizosphere"	"2018-02-27T17:03:08Z"	"2017-11-29T14:55:28Z"	"public"	"Illumina HiSeq 2500"	"F"	"unspecified"	"SINGLE"	"PCR"	"METAGENOMIC"	"metagenomes"	"ILLUMINA"	"2018-02-28T00:00:00Z"	1800	"SAMEA104409276"	"ERS2027218"	"Italy"	"ERS2027218"	"ERP105451"	"straw"	29	"BC371800F"	"INRES Molecular Biology of the Rhizosphere"	"ATTATGAGTTAACGTG CCA GCM GCC GCG GTA A"
"ERR2211105"	"Sample_281"	"AMPLICON"	251	"BC46"	"TTCTGATG"	9424398	"PRJEB23682"	"SAMEA104409286"	2681273	"INRES MOLECULAR BIOLOGY OF THE RHIZOSPHERE"	"rhizosphere"	"public"	"MM"	"sra,fastq"	"ncbi,gs,ena,s3"	"ncbi.public,gs.US,ena,s3.us-east-1"	"16S amplicons"	"ERC000011"	"2018-02-27"	"2018-11-16"	"Yes"	"ERX2265458"	"Italy"	"INRES Molecular Biology of the Rhizosphere"	"2018-02-27T17:03:08Z"	"2017-11-29T14:55:28Z"	"public"	"Illumina HiSeq 2500"	"F"	"unspecified"	"SINGLE"	"PCR"	"METAGENOMIC"	"metagenomes"	"ILLUMINA"	"2018-02-28T00:00:00Z"	1800	"SAMEA104409286"	"ERS2027228"	"Italy"	"ERS2027228"	"ERP105451"	"straw"	43	"BC461800F"	"INRES Molecular Biology of the Rhizosphere"	"CAATCTTCTGATGGTG CCA GCM GCC GCG GTA A"
"ERR2211195"	"Sample_371"	"AMPLICON"	250	"BC33"	"ATCGCCAG"	3587356	"PRJEB23682"	"SAMEA104409376"	1163107	"INRES MOLECULAR BIOLOGY OF THE RHIZOSPHERE"	"rhizosphere"	"public"	"RR"	"sra,fastq"	"gs,ncbi,ena,s3"	"ena,gs.US,s3.us-east-1,ncbi.public"	"16S amplicons"	"ERC000011"	"2018-02-27"	"2018-11-16"	"Yes"	"ERX2265548"	"Philippines"	"INRES Molecular Biology of the Rhizosphere"	"2018-02-27T17:03:08Z"	"2017-11-29T14:55:31Z"	"public"	"Illumina HiSeq 2500"	"B"	"unspecified"	"SINGLE"	"PCR"	"METAGENOMIC"	"metagenomes"	"ILLUMINA"	"2018-02-28T00:00:00Z"	2131	"SAMEA104409376"	"ERS2027318"	"Tarlac"	"ERS2027318"	"ERP105451"	"no straw"	15	"BC332131B"	"INRES Molecular Biology of the Rhizosphere"	"ATTATCGCCAGGTG CCA GCM GCC GCG GTA A"
"ERR2211245"	"Sample_421"	"AMPLICON"	250	"BC37"	"GAGTTAAC"	3514073	"PRJEB23682"	"SAMEA104409426"	1141164	"INRES MOLECULAR BIOLOGY OF THE RHIZOSPHERE"	"rhizosphere"	"public"	"RR"	"fastq,sra"	"ena,ncbi,gs,s3"	"ncbi.public,s3.us-east-1,ena,gs.US"	"16S amplicons"	"ERC000011"	"2018-02-27"	"2018-11-16"	"Yes"	"ERX2265598"	"Philippines"	"INRES Molecular Biology of the Rhizosphere"	"2018-02-27T17:03:08Z"	"2017-11-29T14:55:33Z"	"public"	"Illumina HiSeq 2500"	"C"	"unspecified"	"SINGLE"	"PCR"	"METAGENOMIC"	"metagenomes"	"ILLUMINA"	"2018-02-28T00:00:00Z"	2131	"SAMEA104409426"	"ERS2027368"	"IRRI"	"ERS2027368"	"ERP105451"	"no straw"	43	"BC372131C"	"INRES Molecular Biology of the Rhizosphere"	"ATTATGAGTTAACGTG CCA GCM GCC GCG GTA A"
"ERR2211255"	"Sample_431"	"AMPLICON"	249	"BC46"	"TTCTGATG"	3003516	"PRJEB23682"	"SAMEA104409436"	986568	"INRES MOLECULAR BIOLOGY OF THE RHIZOSPHERE"	"rhizosphere"	"public"	"MR"	"fastq,sra"	"s3,ena,gs,ncbi"	"ncbi.public,gs.US,ena,s3.us-east-1"	"16S amplicons"	"ERC000011"	"2018-02-27"	"2018-11-16"	"Yes"	"ERX2265608"	"Philippines"	"INRES Molecular Biology of the Rhizosphere"	"2018-02-27T17:03:08Z"	"2017-11-29T14:55:34Z"	"public"	"Illumina HiSeq 2500"	"C"	"unspecified"	"SINGLE"	"PCR"	"METAGENOMIC"	"metagenomes"	"ILLUMINA"	"2018-02-28T00:00:00Z"	2131	"SAMEA104409436"	"ERS2027378"	"IRRI"	"ERS2027378"	"ERP105451"	"no straw"	43	"BC462131C"	"INRES Molecular Biology of the Rhizosphere"	"CAATCTTCTGATGGTG CCA GCM GCC GCG GTA A"
"ERR2211265"	"Sample_441"	"AMPLICON"	249	"BC1"	"AACACCTA"	5963363	"PRJEB23682"	"SAMEA104409446"	1887969	"INRES MOLECULAR BIOLOGY OF THE RHIZOSPHERE"	"rhizosphere"	"public"	"MR"	"fastq,sra"	"s3,ncbi,ena,gs"	"s3.us-east-1,ena,gs.US,ncbi.public"	"16S amplicons"	"ERC000011"	"2018-02-27"	"2018-11-16"	"Yes"	"ERX2265618"	"Philippines"	"INRES Molecular Biology of the Rhizosphere"	"2018-02-27T17:03:08Z"	"2017-11-29T14:55:34Z"	"public"	"Illumina HiSeq 2500"	"D"	"unspecified"	"SINGLE"	"PCR"	"METAGENOMIC"	"metagenomes"	"ILLUMINA"	"2018-02-28T00:00:00Z"	2131	"SAMEA104409446"	"ERS2027388"	"IRRI"	"ERS2027388"	"ERP105451"	"straw"	43	"BC12131D"	"INRES Molecular Biology of the Rhizosphere"	"GGGCTAACACCTAGTG CCA GCM GCC GCG GTA A"
"ERR2211275"	"Sample_451"	"AMPLICON"	250	"BC4"	"CACAGTTG"	7331569	"PRJEB23682"	"SAMEA104409456"	2292457	"INRES MOLECULAR BIOLOGY OF THE RHIZOSPHERE"	"rhizosphere"	"public"	"RR"	"fastq,sra"	"ena,gs,s3,ncbi"	"ncbi.public,s3.us-east-1,ena,gs.US"	"16S amplicons"	"ERC000011"	"2018-02-27"	"2018-11-16"	"Yes"	"ERX2265628"	"Philippines"	"INRES Molecular Biology of the Rhizosphere"	"2018-02-27T17:03:08Z"	"2017-11-29T14:55:35Z"	"public"	"Illumina HiSeq 2500"	"D"	"unspecified"	"SINGLE"	"PCR"	"METAGENOMIC"	"metagenomes"	"ILLUMINA"	"2018-02-28T00:00:00Z"	2131	"SAMEA104409456"	"ERS2027398"	"Tarlac"	"ERS2027398"	"ERP105451"	"no straw"	43	"BC42131D"	"INRES Molecular Biology of the Rhizosphere"	"GAACACAGTTGGTG CCA GCM GCC GCG GTA A"
"ERR2211345"	"Sample_521"	"AMPLICON"	269	"BC26"	"TCCTACTA"	2654716	"PRJEB23682"	"SAMEA104409526"	817336	"INRES MOLECULAR BIOLOGY OF THE RHIZOSPHERE"	"rhizosphere"	"public"	"RR"	"fastq,sra"	"ena,gs,ncbi,s3"	"s3.us-east-1,ncbi.public,ena,gs.US"	"ITS amplicons"	"ERC000011"	"2018-02-27"	"2018-11-16"	"Yes"	"ERX2265698"	"Philippines"	"INRES Molecular Biology of the Rhizosphere"	"2018-02-27T17:03:08Z"	"2017-11-29T14:55:37Z"	"public"	"Illumina HiSeq 2500"	"B"	"unspecified"	"SINGLE"	"PCR"	"METAGENOMIC"	"metagenomes"	"ILLUMINA"	"2018-02-28T00:00:00Z"	2457	"SAMEA104409526"	"ERS2027468"	"IRRI"	"ERS2027468"	"ERP105451"	"straw"	15	"BC262457B"	"INRES Molecular Biology of the Rhizosphere"	"TCCTACTACTTGGTCATTTAGAGGAAGTAA"
"ERR2211365"	"Sample_541"	"AMPLICON"	257	"BC44"	"ACTCTAAG"	3375479	"PRJEB23682"	"SAMEA104409546"	1075157	"INRES MOLECULAR BIOLOGY OF THE RHIZOSPHERE"	"rhizosphere"	"public"	"MR"	"fastq,sra"	"gs,ncbi,s3,ena"	"gs.US,ena,s3.us-east-1,ncbi.public"	"ITS amplicons"	"ERC000011"	"2018-02-27"	"2018-11-16"	"Yes"	"ERX2265718"	"Philippines"	"INRES Molecular Biology of the Rhizosphere"	"2018-02-27T17:03:08Z"	"2017-11-29T14:55:38Z"	"public"	"Illumina HiSeq 2500"	"B"	"unspecified"	"SINGLE"	"PCR"	"METAGENOMIC"	"metagenomes"	"ILLUMINA"	"2018-02-28T00:00:00Z"	2457	"SAMEA104409546"	"ERS2027488"	"Tarlac"	"ERS2027488"	"ERP105451"	"no straw"	15	"BC442457B"	"INRES Molecular Biology of the Rhizosphere"	"ACTCTAAGCTTGGTCATTTAGAGGAAGTAA"
"ERR2210986"	"Sample_162"	"AMPLICON"	252	"BC25"	"TACGAATC"	3743074	"PRJEB23682"	"SAMEA104409167"	1111706	"INRES MOLECULAR BIOLOGY OF THE RHIZOSPHERE"	"rhizosphere"	"public"	"RR"	"fastq,sra"	"ncbi,ena,gs,s3"	"gs.US,s3.us-east-1,ncbi.public,ena"	"16S amplicons"	"ERC000011"	"2018-02-27"	"2018-11-16"	"Yes"	"ERX2265339"	"Italy"	"INRES Molecular Biology of the Rhizosphere"	"2018-02-27T17:03:08Z"	"2017-11-29T14:55:24Z"	"public"	"Illumina HiSeq 2500"	"D"	"unspecified"	"SINGLE"	"PCR"	"METAGENOMIC"	"metagenomes"	"ILLUMINA"	"2018-02-28T00:00:00Z"	1800	"SAMEA104409167"	"ERS2027109"	"Italy"	"ERS2027109"	"ERP105451"	"no straw"	15	"BC251800D"	"INRES Molecular Biology of the Rhizosphere"	"TCCGTTACGAATCGTG CCA GCM GCC GCG GTA A"
"ERR2210996"	"Sample_172"	"AMPLICON"	252	"BC34"	"CAGGAGGC"	12908308	"PRJEB23682"	"SAMEA104409177"	3654634	"INRES MOLECULAR BIOLOGY OF THE RHIZOSPHERE"	"rhizosphere"	"public"	"RR"	"fastq,sra"	"ena,gs,ncbi,s3"	"ena,ncbi.public,s3.us-east-1,gs.US"	"16S amplicons"	"ERC000011"	"2018-02-27"	"2018-11-16"	"Yes"	"ERX2265349"	"Italy"	"INRES Molecular Biology of the Rhizosphere"	"2018-02-27T17:03:08Z"	"2017-11-29T14:55:24Z"	"public"	"Illumina HiSeq 2500"	"D"	"unspecified"	"SINGLE"	"PCR"	"METAGENOMIC"	"metagenomes"	"ILLUMINA"	"2018-02-28T00:00:00Z"	1800	"SAMEA104409177"	"ERS2027119"	"Italy"	"ERS2027119"	"ERP105451"	"no straw"	22	"BC341800D"	"INRES Molecular Biology of the Rhizosphere"	"CAACCAGGAGGCGTG CCA GCM GCC GCG GTA A"
"ERR2211026"	"Sample_202"	"AMPLICON"	251	"BC18"	"ATCCTATT"	5385014	"PRJEB23682"	"SAMEA104409207"	1587577	"INRES MOLECULAR BIOLOGY OF THE RHIZOSPHERE"	"rhizosphere"	"public"	"RR"	"sra,fastq"	"gs,ncbi,ena,s3"	"ena,ncbi.public,s3.us-east-1,gs.US"	"16S amplicons"	"ERC000011"	"2018-02-27"	"2018-11-16"	"Yes"	"ERX2265379"	"Italy"	"INRES Molecular Biology of the Rhizosphere"	"2018-02-27T17:03:08Z"	"2017-11-29T14:55:25Z"	"public"	"Illumina HiSeq 2500"	"E"	"unspecified"	"SINGLE"	"PCR"	"METAGENOMIC"	"metagenomes"	"ILLUMINA"	"2018-02-28T00:00:00Z"	1800	"SAMEA104409207"	"ERS2027149"	"Italy"	"ERS2027149"	"ERP105451"	"no straw"	85	"BC181800E"	"INRES Molecular Biology of the Rhizosphere"	"GAAAATCCTATTGTG CCA GCM GCC GCG GTA A"
"ERR2211076"	"Sample_252"	"AMPLICON"	252	"BC20"	"CCTTTACA"	3591038	"PRJEB23682"	"SAMEA104409257"	1004590	"INRES MOLECULAR BIOLOGY OF THE RHIZOSPHERE"	"rhizosphere"	"public"	"MM"	"fastq,sra"	"ena,s3,gs,ncbi"	"ncbi.public,ena,s3.us-east-1,gs.US"	"16S amplicons"	"ERC000011"	"2018-02-27"	"2018-11-16"	"Yes"	"ERX2265429"	"Italy"	"INRES Molecular Biology of the Rhizosphere"	"2018-02-27T17:03:08Z"	"2017-11-29T14:55:27Z"	"public"	"Illumina HiSeq 2500"	"F"	"unspecified"	"SINGLE"	"PCR"	"METAGENOMIC"	"metagenomes"	"ILLUMINA"	"2018-02-28T00:00:00Z"	1800	"SAMEA104409257"	"ERS2027199"	"Italy"	"ERS2027199"	"ERP105451"	"no straw"	8	"BC201800F"	"INRES Molecular Biology of the Rhizosphere"	"TCACCTTTACAGTG CCA GCM GCC GCG GTA A"
"ERR2211086"	"Sample_262"	"AMPLICON"	252	"BC29"	"GGTCCTTG"	11220737	"PRJEB23682"	"SAMEA104409267"	3205046	"INRES MOLECULAR BIOLOGY OF THE RHIZOSPHERE"	"rhizosphere"	"public"	"MM"	"fastq,sra"	"ena,gs,ncbi,s3"	"ena,ncbi.public,gs.US,s3.us-east-1"	"16S amplicons"	"ERC000011"	"2018-02-27"	"2018-11-16"	"Yes"	"ERX2265439"	"Italy"	"INRES Molecular Biology of the Rhizosphere"	"2018-02-27T17:03:08Z"	"2017-11-29T14:55:28Z"	"public"	"Illumina HiSeq 2500"	"F"	"unspecified"	"SINGLE"	"PCR"	"METAGENOMIC"	"metagenomes"	"ILLUMINA"	"2018-02-28T00:00:00Z"	1800	"SAMEA104409267"	"ERS2027209"	"Italy"	"ERS2027209"	"ERP105451"	"straw"	15	"BC291800F"	"INRES Molecular Biology of the Rhizosphere"	"CCCGAGGTCCTTGGTG CCA GCM GCC GCG GTA A"
"ERR2211096"	"Sample_272"	"AMPLICON"	252	"BC38"	"GCTGGCGA"	4232950	"PRJEB23682"	"SAMEA104409277"	1255067	"INRES MOLECULAR BIOLOGY OF THE RHIZOSPHERE"	"rhizosphere"	"public"	"MM"	"sra,fastq"	"ena,gs,ncbi,s3"	"ena,s3.us-east-1,ncbi.public,gs.US"	"16S amplicons"	"ERC000011"	"2018-02-27"	"2018-11-16"	"Yes"	"ERX2265449"	"Italy"	"INRES Molecular Biology of the Rhizosphere"	"2018-02-27T17:03:08Z"	"2017-11-29T14:55:28Z"	"public"	"Illumina HiSeq 2500"	"F"	"unspecified"	"SINGLE"	"PCR"	"METAGENOMIC"	"metagenomes"	"ILLUMINA"	"2018-02-28T00:00:00Z"	1800	"SAMEA104409277"	"ERS2027219"	"Italy"	"ERS2027219"	"ERP105451"	"straw"	29	"BC381800F"	"INRES Molecular Biology of the Rhizosphere"	"TCCCGCTGGCGAGTG CCA GCM GCC GCG GTA A"
"ERR2211106"	"Sample_282"	"AMPLICON"	251	"BC47"	"ACAGTGCA"	19194125	"PRJEB23682"	"SAMEA104409287"	5339250	"INRES MOLECULAR BIOLOGY OF THE RHIZOSPHERE"	"rhizosphere"	"public"	"MM"	"fastq,sra"	"gs,ncbi,s3,ena"	"gs.US,ena,ncbi.public,s3.us-east-1"	"16S amplicons"	"ERC000011"	"2018-02-27"	"2018-11-16"	"Yes"	"ERX2265459"	"Italy"	"INRES Molecular Biology of the Rhizosphere"	"2018-02-27T17:03:08Z"	"2017-11-29T14:55:28Z"	"public"	"Illumina HiSeq 2500"	"F"	"unspecified"	"SINGLE"	"PCR"	"METAGENOMIC"	"metagenomes"	"ILLUMINA"	"2018-02-28T00:00:00Z"	1800	"SAMEA104409287"	"ERS2027229"	"Italy"	"ERS2027229"	"ERP105451"	"straw"	43	"BC471800F"	"INRES Molecular Biology of the Rhizosphere"	"AGGCCACAGTGCAGTG CCA GCM GCC GCG GTA A"
"ERR2211116"	"Sample_292"	"AMPLICON"	252	"BC4"	"CACAGTTG"	21873469	"PRJEB23682"	"SAMEA104409297"	5786354	"INRES MOLECULAR BIOLOGY OF THE RHIZOSPHERE"	"rhizosphere"	"public"	"MM"	"fastq,sra"	"s3,ena,gs,ncbi"	"ncbi.public,gs.US,ena,s3.us-east-1"	"16S amplicons"	"ERC000011"	"2018-02-27"	"2018-11-16"	"Yes"	"ERX2265469"	"Italy"	"INRES Molecular Biology of the Rhizosphere"	"2018-02-27T17:03:08Z"	"2017-11-29T14:55:29Z"	"public"	"Illumina HiSeq 2500"	"G"	"unspecified"	"SINGLE"	"PCR"	"METAGENOMIC"	"metagenomes"	"ILLUMINA"	"2018-02-28T00:00:00Z"	1800	"SAMEA104409297"	"ERS2027239"	"Italy"	"ERS2027239"	"ERP105451"	"no straw"	85	"BC41800G"	"INRES Molecular Biology of the Rhizosphere"	"GAACACAGTTGGTG CCA GCM GCC GCG GTA A"
"ERR2211186"	"Sample_362"	"AMPLICON"	249	"BC25"	"TACGAATC"	2849034	"PRJEB23682"	"SAMEA104409367"	941538	"INRES MOLECULAR BIOLOGY OF THE RHIZOSPHERE"	"rhizosphere"	"public"	"MR"	"fastq,sra"	"ncbi,ena,gs,s3"	"ncbi.public,s3.us-east-1,ena,gs.US"	"16S amplicons"	"ERC000011"	"2018-02-27"	"2018-11-16"	"Yes"	"ERX2265539"	"Philippines"	"INRES Molecular Biology of the Rhizosphere"	"2018-02-27T17:03:08Z"	"2017-11-29T14:55:31Z"	"public"	"Illumina HiSeq 2500"	"B"	"unspecified"	"SINGLE"	"PCR"	"METAGENOMIC"	"metagenomes"	"ILLUMINA"	"2018-02-28T00:00:00Z"	2131	"SAMEA104409367"	"ERS2027309"	"IRRI"	"ERS2027309"	"ERP105451"	"no straw"	15	"BC252131B"	"INRES Molecular Biology of the Rhizosphere"	"TCCGTTACGAATCGTG CCA GCM GCC GCG GTA A"
"ERR2211206"	"Sample_382"	"AMPLICON"	250	"BC43"	"AAGCGGTC"	4186008	"PRJEB23682"	"SAMEA104409387"	1339310	"INRES MOLECULAR BIOLOGY OF THE RHIZOSPHERE"	"rhizosphere"	"public"	"MR"	"fastq,sra"	"ena,gs,ncbi,s3"	"s3.us-east-1,ncbi.public,ena,gs.US"	"16S amplicons"	"ERC000011"	"2018-02-27"	"2018-11-16"	"Yes"	"ERX2265559"	"Philippines"	"INRES Molecular Biology of the Rhizosphere"	"2018-02-27T17:03:08Z"	"2017-11-29T14:55:32Z"	"public"	"Illumina HiSeq 2500"	"B"	"unspecified"	"SINGLE"	"PCR"	"METAGENOMIC"	"metagenomes"	"ILLUMINA"	"2018-02-28T00:00:00Z"	2131	"SAMEA104409387"	"ERS2027329"	"Tarlac"	"ERS2027329"	"ERP105451"	"no straw"	15	"BC432131B"	"INRES Molecular Biology of the Rhizosphere"	"TTTAAAGCGGTCGTG CCA GCM GCC GCG GTA A"
"ERR2211256"	"Sample_432"	"AMPLICON"	249	"BC47"	"ACAGTGCA"	4232327	"PRJEB23682"	"SAMEA104409437"	1363892	"INRES MOLECULAR BIOLOGY OF THE RHIZOSPHERE"	"rhizosphere"	"public"	"MR"	"sra,fastq"	"gs,ena,ncbi,s3"	"ncbi.public,gs.US,ena,s3.us-east-1"	"16S amplicons"	"ERC000011"	"2018-02-27"	"2018-11-16"	"Yes"	"ERX2265609"	"Philippines"	"INRES Molecular Biology of the Rhizosphere"	"2018-02-27T17:03:08Z"	"2017-11-29T14:55:34Z"	"public"	"Illumina HiSeq 2500"	"C"	"unspecified"	"SINGLE"	"PCR"	"METAGENOMIC"	"metagenomes"	"ILLUMINA"	"2018-02-28T00:00:00Z"	2131	"SAMEA104409437"	"ERS2027379"	"IRRI"	"ERS2027379"	"ERP105451"	"straw"	43	"BC472131C"	"INRES Molecular Biology of the Rhizosphere"	"AGGCCACAGTGCAGTG CCA GCM GCC GCG GTA A"
"ERR2211276"	"Sample_452"	"AMPLICON"	249	"BC5"	"CCTACAAC"	5157946	"PRJEB23682"	"SAMEA104409457"	1636423	"INRES MOLECULAR BIOLOGY OF THE RHIZOSPHERE"	"rhizosphere"	"public"	"RR"	"fastq,sra"	"ncbi,s3,ena,gs"	"gs.US,s3.us-east-1,ncbi.public,ena"	"16S amplicons"	"ERC000011"	"2018-02-27"	"2018-11-16"	"Yes"	"ERX2265629"	"Philippines"	"INRES Molecular Biology of the Rhizosphere"	"2018-02-27T17:03:08Z"	"2017-11-29T14:55:35Z"	"public"	"Illumina HiSeq 2500"	"D"	"unspecified"	"SINGLE"	"PCR"	"METAGENOMIC"	"metagenomes"	"ILLUMINA"	"2018-02-28T00:00:00Z"	2131	"SAMEA104409457"	"ERS2027399"	"Tarlac"	"ERS2027399"	"ERP105451"	"no straw"	43	"BC52131D"	"INRES Molecular Biology of the Rhizosphere"	"CCACCTACAACGTG CCA GCM GCC GCG GTA A"
"ERR2211516"	"Sample_692"	"AMPLICON"	283	"BC14"	"GGCGAGGA"	4961307	"PRJEB23682"	"SAMEA104409697"	1307257	"INRES MOLECULAR BIOLOGY OF THE RHIZOSPHERE"	"rhizosphere"	"public"	"RR"	"fastq,sra"	"ena,gs,ncbi,s3"	"ena,gs.US,ncbi.public,s3.us-east-1"	"ITS amplicons"	"ERC000011"	"2018-02-27"	"2018-11-16"	"Yes"	"ERX2265869"	"Italy"	"INRES Molecular Biology of the Rhizosphere"	"2018-02-27T17:03:08Z"	"2017-11-29T14:55:42Z"	"public"	"Illumina HiSeq 2500"	"C"	"unspecified"	"SINGLE"	"PCR"	"METAGENOMIC"	"metagenomes"	"ILLUMINA"	"2018-02-28T00:00:00Z"	2584	"SAMEA104409697"	"ERS2027639"	"Italy"	"ERS2027639"	"ERP105451"	"no straw"	22	"BC142584C"	"INRES Molecular Biology of the Rhizosphere"	"GGCGAGGACTTGGTCATTTAGAGGAAGTAA"
"ERR2211556"	"Sample_732"	"AMPLICON"	241	"BC9"	"GGTCTGAC"	4238292	"PRJEB23682"	"SAMEA104409737"	1262449	"INRES MOLECULAR BIOLOGY OF THE RHIZOSPHERE"	"rhizosphere"	"public"	"RR"	"fastq,sra"	"s3,ncbi,ena,gs"	"gs.US,s3.us-east-1,ncbi.public,ena"	"ITS amplicons"	"ERC000011"	"2018-02-27"	"2018-11-16"	"Yes"	"ERX2265909"	"Italy"	"INRES Molecular Biology of the Rhizosphere"	"2018-02-27T17:03:08Z"	"2017-11-29T14:55:44Z"	"public"	"Illumina HiSeq 2500"	"C"	"unspecified"	"SINGLE"	"PCR"	"METAGENOMIC"	"metagenomes"	"ILLUMINA"	"2018-02-28T00:00:00Z"	2584	"SAMEA104409737"	"ERS2027679"	"Italy"	"ERS2027679"	"ERP105451"	"straw"	15	"BC92584C"	"INRES Molecular Biology of the Rhizosphere"	"GGTCTGACCTTGGTCATTTAGAGGAAGTAA"
"ERR2210977"	"Sample_153"	"AMPLICON"	252	"BC17"	"ACTAACTG"	8940144	"PRJEB23682"	"SAMEA104409158"	2523677	"INRES MOLECULAR BIOLOGY OF THE RHIZOSPHERE"	"rhizosphere"	"public"	"RR"	"sra,fastq"	"ncbi,s3,ena,gs"	"gs.US,s3.us-east-1,ncbi.public,ena"	"16S amplicons"	"ERC000011"	"2018-02-27"	"2018-11-16"	"Yes"	"ERX2265330"	"Italy"	"INRES Molecular Biology of the Rhizosphere"	"2018-02-27T17:03:08Z"	"2017-11-29T14:55:23Z"	"public"	"Illumina HiSeq 2500"	"D"	"unspecified"	"SINGLE"	"PCR"	"METAGENOMIC"	"metagenomes"	"ILLUMINA"	"2018-02-28T00:00:00Z"	1800	"SAMEA104409158"	"ERS2027100"	"Italy"	"ERS2027100"	"ERP105451"	"no straw"	8	"BC171800D"	"INRES Molecular Biology of the Rhizosphere"	"CAATGACTAACTGGTG CCA GCM GCC GCG GTA A"
"ERR2210987"	"Sample_163"	"AMPLICON"	252	"BC26"	"TCCTACTA"	11462965	"PRJEB23682"	"SAMEA104409168"	3265997	"INRES MOLECULAR BIOLOGY OF THE RHIZOSPHERE"	"rhizosphere"	"public"	"RR"	"fastq,sra"	"ena,gs,s3,ncbi"	"ncbi.public,s3.us-east-1,gs.US,ena"	"16S amplicons"	"ERC000011"	"2018-02-27"	"2018-11-16"	"Yes"	"ERX2265340"	"Italy"	"INRES Molecular Biology of the Rhizosphere"	"2018-02-27T17:03:08Z"	"2017-11-29T14:55:24Z"	"public"	"Illumina HiSeq 2500"	"D"	"unspecified"	"SINGLE"	"PCR"	"METAGENOMIC"	"metagenomes"	"ILLUMINA"	"2018-02-28T00:00:00Z"	1800	"SAMEA104409168"	"ERS2027110"	"Italy"	"ERS2027110"	"ERP105451"	"no straw"	15	"BC261800D"	"INRES Molecular Biology of the Rhizosphere"	"AGGTCCTACTAGTG CCA GCM GCC GCG GTA A"
"ERR2210997"	"Sample_173"	"AMPLICON"	252	"BC35"	"CGAACTGT"	11947596	"PRJEB23682"	"SAMEA104409178"	3413284	"INRES MOLECULAR BIOLOGY OF THE RHIZOSPHERE"	"rhizosphere"	"public"	"RR"	"sra,fastq"	"ena,gs,ncbi,s3"	"gs.US,s3.us-east-1,ncbi.public,ena"	"16S amplicons"	"ERC000011"	"2018-02-27"	"2018-11-16"	"Yes"	"ERX2265350"	"Italy"	"INRES Molecular Biology of the Rhizosphere"	"2018-02-27T17:03:08Z"	"2017-11-29T14:55:24Z"	"public"	"Illumina HiSeq 2500"	"D"	"unspecified"	"SINGLE"	"PCR"	"METAGENOMIC"	"metagenomes"	"ILLUMINA"	"2018-02-28T00:00:00Z"	1800	"SAMEA104409178"	"ERS2027120"	"Italy"	"ERS2027120"	"ERP105451"	"no straw"	22	"BC351800D"	"INRES Molecular Biology of the Rhizosphere"	"GGCCGAACTGTGTG CCA GCM GCC GCG GTA A"
"ERR2211017"	"Sample_193"	"AMPLICON"	252	"BC10"	"GTTTCACT"	12308576	"PRJEB23682"	"SAMEA104409198"	3389041	"INRES MOLECULAR BIOLOGY OF THE RHIZOSPHERE"	"rhizosphere"	"public"	"RR"	"fastq,sra"	"ena,ncbi,s3,gs"	"ena,s3.us-east-1,ncbi.public,gs.US"	"16S amplicons"	"ERC000011"	"2018-02-27"	"2018-11-16"	"Yes"	"ERX2265370"	"Italy"	"INRES Molecular Biology of the Rhizosphere"	"2018-02-27T17:03:08Z"	"2017-11-29T14:55:25Z"	"public"	"Illumina HiSeq 2500"	"E"	"unspecified"	"SINGLE"	"PCR"	"METAGENOMIC"	"metagenomes"	"ILLUMINA"	"2018-02-28T00:00:00Z"	1800	"SAMEA104409198"	"ERS2027140"	"Italy"	"ERS2027140"	"ERP105451"	"no straw"	57	"BC101800E"	"INRES Molecular Biology of the Rhizosphere"	"CATGTTTCACTGTG CCA GCM GCC GCG GTA A"
"ERR2211027"	"Sample_203"	"AMPLICON"	252	"BC19"	"CACGTGTT"	4580783	"PRJEB23682"	"SAMEA104409208"	1338626	"INRES MOLECULAR BIOLOGY OF THE RHIZOSPHERE"	"rhizosphere"	"public"	"RR"	"fastq,sra"	"s3,ena,gs,ncbi"	"ncbi.public,ena,gs.US,s3.us-east-1"	"16S amplicons"	"ERC000011"	"2018-02-27"	"2018-11-16"	"Yes"	"ERX2265380"	"Italy"	"INRES Molecular Biology of the Rhizosphere"	"2018-02-27T17:03:08Z"	"2017-11-29T14:55:25Z"	"public"	"Illumina HiSeq 2500"	"E"	"unspecified"	"SINGLE"	"PCR"	"METAGENOMIC"	"metagenomes"	"ILLUMINA"	"2018-02-28T00:00:00Z"	1800	"SAMEA104409208"	"ERS2027150"	"Italy"	"ERS2027150"	"ERP105451"	"no straw"	85	"BC191800E"	"INRES Molecular Biology of the Rhizosphere"	"CTTCACGTGTTGTG CCA GCM GCC GCG GTA A"
"ERR2211077"	"Sample_253"	"AMPLICON"	252	"BC21"	"CTAGATTC"	2580648	"PRJEB23682"	"SAMEA104409258"	777430	"INRES MOLECULAR BIOLOGY OF THE RHIZOSPHERE"	"rhizosphere"	"public"	"MM"	"sra,fastq"	"ncbi,ena,gs,s3"	"ncbi.public,s3.us-east-1,ena,gs.US"	"16S amplicons"	"ERC000011"	"2018-02-27"	"2018-11-16"	"Yes"	"ERX2265430"	"Italy"	"INRES Molecular Biology of the Rhizosphere"	"2018-02-27T17:03:08Z"	"2017-11-29T14:55:27Z"	"public"	"Illumina HiSeq 2500"	"F"	"unspecified"	"SINGLE"	"PCR"	"METAGENOMIC"	"metagenomes"	"ILLUMINA"	"2018-02-28T00:00:00Z"	1800	"SAMEA104409258"	"ERS2027200"	"Italy"	"ERS2027200"	"ERP105451"	"straw"	8	"BC211800F"	"INRES Molecular Biology of the Rhizosphere"	"TCCGGCTAGATTCGTG CCA GCM GCC GCG GTA A"
"ERR2211087"	"Sample_263"	"AMPLICON"	252	"BC30"	"GTTGTCCC"	9457460	"PRJEB23682"	"SAMEA104409268"	2662925	"INRES MOLECULAR BIOLOGY OF THE RHIZOSPHERE"	"rhizosphere"	"public"	"MM"	"sra,fastq"	"ena,gs,ncbi,s3"	"ncbi.public,gs.US,ena,s3.us-east-1"	"16S amplicons"	"ERC000011"	"2018-02-27"	"2018-11-16"	"Yes"	"ERX2265440"	"Italy"	"INRES Molecular Biology of the Rhizosphere"	"2018-02-27T17:03:08Z"	"2017-11-29T14:55:28Z"	"public"	"Illumina HiSeq 2500"	"F"	"unspecified"	"SINGLE"	"PCR"	"METAGENOMIC"	"metagenomes"	"ILLUMINA"	"2018-02-28T00:00:00Z"	1800	"SAMEA104409268"	"ERS2027210"	"Italy"	"ERS2027210"	"ERP105451"	"straw"	15	"BC301800F"	"INRES Molecular Biology of the Rhizosphere"	"TGGGTTGTCCCGTG CCA GCM GCC GCG GTA A"
"ERR2211097"	"Sample_273"	"AMPLICON"	252	"BC39"	"GTAGAGCT"	9239704	"PRJEB23682"	"SAMEA104409278"	2615237	"INRES MOLECULAR BIOLOGY OF THE RHIZOSPHERE"	"rhizosphere"	"public"	"MM"	"fastq,sra"	"ena,ncbi,gs,s3"	"ncbi.public,s3.us-east-1,ena,gs.US"	"16S amplicons"	"ERC000011"	"2018-02-27"	"2018-11-16"	"Yes"	"ERX2265450"	"Italy"	"INRES Molecular Biology of the Rhizosphere"	"2018-02-27T17:03:08Z"	"2017-11-29T14:55:28Z"	"public"	"Illumina HiSeq 2500"	"F"	"unspecified"	"SINGLE"	"PCR"	"METAGENOMIC"	"metagenomes"	"ILLUMINA"	"2018-02-28T00:00:00Z"	1800	"SAMEA104409278"	"ERS2027220"	"Italy"	"ERS2027220"	"ERP105451"	"straw"	29	"BC391800F"	"INRES Molecular Biology of the Rhizosphere"	"GTTGTAGAGCTGTG CCA GCM GCC GCG GTA A"
"ERR2211107"	"Sample_283"	"AMPLICON"	251	"BC48"	"AGTAGTGG"	6915561	"PRJEB23682"	"SAMEA104409288"	1970780	"INRES MOLECULAR BIOLOGY OF THE RHIZOSPHERE"	"rhizosphere"	"public"	"MM"	"sra,fastq"	"ncbi,s3,gs,ena"	"gs.US,ena,s3.us-east-1,ncbi.public"	"16S amplicons"	"ERC000011"	"2018-02-27"	"2018-11-16"	"Yes"	"ERX2265460"	"Italy"	"INRES Molecular Biology of the Rhizosphere"	"2018-02-27T17:03:08Z"	"2017-11-29T14:55:28Z"	"public"	"Illumina HiSeq 2500"	"F"	"unspecified"	"SINGLE"	"PCR"	"METAGENOMIC"	"metagenomes"	"ILLUMINA"	"2018-02-28T00:00:00Z"	1800	"SAMEA104409288"	"ERS2027230"	"Italy"	"ERS2027230"	"ERP105451"	"straw"	43	"BC481800F"	"INRES Molecular Biology of the Rhizosphere"	"TATAGTAGTGGGTG CCA GCM GCC GCG GTA A"
"ERR2211117"	"Sample_293"	"AMPLICON"	252	"BC5"	"CCTACAAC"	14774215	"PRJEB23682"	"SAMEA104409298"	4120992	"INRES MOLECULAR BIOLOGY OF THE RHIZOSPHERE"	"rhizosphere"	"public"	"MM"	"fastq,sra"	"s3,ena,gs,ncbi"	"ena,ncbi.public,s3.us-east-1,gs.US"	"16S amplicons"	"ERC000011"	"2018-02-27"	"2018-11-16"	"Yes"	"ERX2265470"	"Italy"	"INRES Molecular Biology of the Rhizosphere"	"2018-02-27T17:03:08Z"	"2017-11-29T14:55:29Z"	"public"	"Illumina HiSeq 2500"	"G"	"unspecified"	"SINGLE"	"PCR"	"METAGENOMIC"	"metagenomes"	"ILLUMINA"	"2018-02-28T00:00:00Z"	1800	"SAMEA104409298"	"ERS2027240"	"Italy"	"ERS2027240"	"ERP105451"	"straw"	85	"BC51800G"	"INRES Molecular Biology of the Rhizosphere"	"CCACCTACAACGTG CCA GCM GCC GCG GTA A"
"ERR2211177"	"Sample_353"	"AMPLICON"	249	"BC17"	"ACTAACTG"	3817602	"PRJEB23682"	"SAMEA104409358"	1231440	"INRES MOLECULAR BIOLOGY OF THE RHIZOSPHERE"	"rhizosphere"	"public"	"RR"	"fastq,sra"	"s3,gs,ncbi,ena"	"gs.US,ncbi.public,ena,s3.us-east-1"	"16S amplicons"	"ERC000011"	"2018-02-27"	"2018-11-16"	"Yes"	"ERX2265530"	"Philippines"	"INRES Molecular Biology of the Rhizosphere"	"2018-02-27T17:03:08Z"	"2017-11-29T14:55:31Z"	"public"	"Illumina HiSeq 2500"	"B"	"unspecified"	"SINGLE"	"PCR"	"METAGENOMIC"	"metagenomes"	"ILLUMINA"	"2018-02-28T00:00:00Z"	2131	"SAMEA104409358"	"ERS2027300"	"IRRI"	"ERS2027300"	"ERP105451"	"no straw"	15	"BC172131B"	"INRES Molecular Biology of the Rhizosphere"	"CAATGACTAACTGGTG CCA GCM GCC GCG GTA A"
"ERR2211197"	"Sample_373"	"AMPLICON"	250	"BC35"	"CGAACTGT"	5059918	"PRJEB23682"	"SAMEA104409378"	1599033	"INRES MOLECULAR BIOLOGY OF THE RHIZOSPHERE"	"rhizosphere"	"public"	"RR"	"sra,fastq"	"ncbi,ena,gs,s3"	"s3.us-east-1,gs.US,ncbi.public,ena"	"16S amplicons"	"ERC000011"	"2018-02-27"	"2018-11-16"	"Yes"	"ERX2265550"	"Philippines"	"INRES Molecular Biology of the Rhizosphere"	"2018-02-27T17:03:08Z"	"2017-11-29T14:55:31Z"	"public"	"Illumina HiSeq 2500"	"B"	"unspecified"	"SINGLE"	"PCR"	"METAGENOMIC"	"metagenomes"	"ILLUMINA"	"2018-02-28T00:00:00Z"	2131	"SAMEA104409378"	"ERS2027320"	"Tarlac"	"ERS2027320"	"ERP105451"	"no straw"	15	"BC352131B"	"INRES Molecular Biology of the Rhizosphere"	"GGCCGAACTGTGTG CCA GCM GCC GCG GTA A"
"ERR2211267"	"Sample_443"	"AMPLICON"	249	"BC13"	"GCAGCCTC"	6376976	"PRJEB23682"	"SAMEA104409448"	2010768	"INRES MOLECULAR BIOLOGY OF THE RHIZOSPHERE"	"rhizosphere"	"public"	"MR"	"sra,fastq"	"gs,ena,ncbi,s3"	"ncbi.public,gs.US,ena,s3.us-east-1"	"16S amplicons"	"ERC000011"	"2018-02-27"	"2018-11-16"	"Yes"	"ERX2265620"	"Philippines"	"INRES Molecular Biology of the Rhizosphere"	"2018-02-27T17:03:08Z"	"2017-11-29T14:55:34Z"	"public"	"Illumina HiSeq 2500"	"D"	"unspecified"	"SINGLE"	"PCR"	"METAGENOMIC"	"metagenomes"	"ILLUMINA"	"2018-02-28T00:00:00Z"	2131	"SAMEA104409448"	"ERS2027390"	"Tarlac"	"ERS2027390"	"ERP105451"	"no straw"	43	"BC132131D"	"INRES Molecular Biology of the Rhizosphere"	"CAATTGCAGCCTCGTG CCA GCM GCC GCG GTA A"
"ERR2211277"	"Sample_453"	"AMPLICON"	249	"BC6"	"CGTCGGCT"	8805377	"PRJEB23682"	"SAMEA104409458"	2718209	"INRES MOLECULAR BIOLOGY OF THE RHIZOSPHERE"	"rhizosphere"	"public"	"RR"	"fastq,sra"	"ena,gs,ncbi,s3"	"ncbi.public,ena,gs.US,s3.us-east-1"	"16S amplicons"	"ERC000011"	"2018-02-27"	"2018-11-16"	"Yes"	"ERX2265630"	"Philippines"	"INRES Molecular Biology of the Rhizosphere"	"2018-02-27T17:03:08Z"	"2017-11-29T14:55:35Z"	"public"	"Illumina HiSeq 2500"	"D"	"unspecified"	"SINGLE"	"PCR"	"METAGENOMIC"	"metagenomes"	"ILLUMINA"	"2018-02-28T00:00:00Z"	2131	"SAMEA104409458"	"ERS2027400"	"Tarlac"	"ERS2027400"	"ERP105451"	"no straw"	43	"BC62131D"	"INRES Molecular Biology of the Rhizosphere"	"AAACGTCGGCTGTG CCA GCM GCC GCG GTA A"
"ERR2211337"	"Sample_513"	"AMPLICON"	252	"BC19"	"CACGTGTT"	3009245	"PRJEB23682"	"SAMEA104409518"	871218	"INRES MOLECULAR BIOLOGY OF THE RHIZOSPHERE"	"rhizosphere"	"public"	"RR"	"fastq,sra"	"gs,ncbi,s3,ena"	"s3.us-east-1,ena,ncbi.public,gs.US"	"ITS amplicons"	"ERC000011"	"2018-02-27"	"2018-11-16"	"Yes"	"ERX2265690"	"Philippines"	"INRES Molecular Biology of the Rhizosphere"	"2018-02-27T17:03:08Z"	"2017-11-29T14:55:37Z"	"public"	"Illumina HiSeq 2500"	"B"	"unspecified"	"SINGLE"	"PCR"	"METAGENOMIC"	"metagenomes"	"ILLUMINA"	"2018-02-28T00:00:00Z"	2457	"SAMEA104409518"	"ERS2027460"	"IRRI"	"ERS2027460"	"ERP105451"	"no straw"	15	"BC192457B"	"INRES Molecular Biology of the Rhizosphere"	"CACGTGTTCTTGGTCATTTAGAGGAAGTAA"
"ERR2210978"	"Sample_154"	"AMPLICON"	252	"BC18"	"ATCCTATT"	8141478	"PRJEB23682"	"SAMEA104409159"	2260806	"INRES MOLECULAR BIOLOGY OF THE RHIZOSPHERE"	"rhizosphere"	"public"	"RR"	"fastq,sra"	"ena,gs,ncbi,s3"	"s3.us-east-1,ncbi.public,gs.US,ena"	"16S amplicons"	"ERC000011"	"2018-02-27"	"2018-11-16"	"Yes"	"ERX2265331"	"Italy"	"INRES Molecular Biology of the Rhizosphere"	"2018-02-27T17:03:08Z"	"2017-11-29T14:55:23Z"	"public"	"Illumina HiSeq 2500"	"D"	"unspecified"	"SINGLE"	"PCR"	"METAGENOMIC"	"metagenomes"	"ILLUMINA"	"2018-02-28T00:00:00Z"	1800	"SAMEA104409159"	"ERS2027101"	"Italy"	"ERS2027101"	"ERP105451"	"no straw"	8	"BC181800D"	"INRES Molecular Biology of the Rhizosphere"	"GAAAATCCTATTGTG CCA GCM GCC GCG GTA A"
"ERR2210998"	"Sample_174"	"AMPLICON"	251	"BC36"	"CTAGTCAT"	12765378	"PRJEB23682"	"SAMEA104409179"	3624816	"INRES MOLECULAR BIOLOGY OF THE RHIZOSPHERE"	"rhizosphere"	"public"	"RR"	"fastq,sra"	"ena,gs,ncbi,s3"	"ena,ncbi.public,gs.US,s3.us-east-1"	"16S amplicons"	"ERC000011"	"2018-02-27"	"2018-11-16"	"Yes"	"ERX2265351"	"Italy"	"INRES Molecular Biology of the Rhizosphere"	"2018-02-27T17:03:08Z"	"2017-11-29T14:55:24Z"	"public"	"Illumina HiSeq 2500"	"D"	"unspecified"	"SINGLE"	"PCR"	"METAGENOMIC"	"metagenomes"	"ILLUMINA"	"2018-02-28T00:00:00Z"	1800	"SAMEA104409179"	"ERS2027121"	"Italy"	"ERS2027121"	"ERP105451"	"no straw"	22	"BC361800D"	"INRES Molecular Biology of the Rhizosphere"	"AAAACTAGTCATGTG CCA GCM GCC GCG GTA A"
"ERR2211008"	"Sample_184"	"AMPLICON"	252	"BC45"	"TGAGAGTG"	16596403	"PRJEB23682"	"SAMEA104409189"	4709449	"INRES MOLECULAR BIOLOGY OF THE RHIZOSPHERE"	"rhizosphere"	"public"	"RR"	"fastq,sra"	"s3,gs,ncbi,ena"	"s3.us-east-1,ena,ncbi.public,gs.US"	"16S amplicons"	"ERC000011"	"2018-02-27"	"2018-11-16"	"Yes"	"ERX2265361"	"Italy"	"INRES Molecular Biology of the Rhizosphere"	"2018-02-27T17:03:08Z"	"2017-11-29T14:55:25Z"	"public"	"Illumina HiSeq 2500"	"D"	"unspecified"	"SINGLE"	"PCR"	"METAGENOMIC"	"metagenomes"	"ILLUMINA"	"2018-02-28T00:00:00Z"	1800	"SAMEA104409189"	"ERS2027131"	"Italy"	"ERS2027131"	"ERP105451"	"straw"	29	"BC451800D"	"INRES Molecular Biology of the Rhizosphere"	"AGCTGAGAGTGGTG CCA GCM GCC GCG GTA A"
"ERR2211018"	"Sample_194"	"AMPLICON"	252	"BC11"	"TCCAGCCT"	18587606	"PRJEB23682"	"SAMEA104409199"	5062425	"INRES MOLECULAR BIOLOGY OF THE RHIZOSPHERE"	"rhizosphere"	"public"	"RR"	"sra,fastq"	"ncbi,s3,ena,gs"	"s3.us-east-1,ena,gs.US,ncbi.public"	"16S amplicons"	"ERC000011"	"2018-02-27"	"2018-11-16"	"Yes"	"ERX2265371"	"Italy"	"INRES Molecular Biology of the Rhizosphere"	"2018-02-27T17:03:08Z"	"2017-11-29T14:55:25Z"	"public"	"Illumina HiSeq 2500"	"E"	"unspecified"	"SINGLE"	"PCR"	"METAGENOMIC"	"metagenomes"	"ILLUMINA"	"2018-02-28T00:00:00Z"	1800	"SAMEA104409199"	"ERS2027141"	"Italy"	"ERS2027141"	"ERP105451"	"no straw"	57	"BC111800E"	"INRES Molecular Biology of the Rhizosphere"	"CCCGCTCCAGCCTGTG CCA GCM GCC GCG GTA A"
"ERR2211088"	"Sample_264"	"AMPLICON"	251	"BC31"	"TCATTAGG"	11697568	"PRJEB23682"	"SAMEA104409269"	3250982	"INRES MOLECULAR BIOLOGY OF THE RHIZOSPHERE"	"rhizosphere"	"public"	"MM"	"fastq,sra"	"s3,ena,gs,ncbi"	"ncbi.public,ena,s3.us-east-1,gs.US"	"16S amplicons"	"ERC000011"	"2018-02-27"	"2018-11-16"	"Yes"	"ERX2265441"	"Italy"	"INRES Molecular Biology of the Rhizosphere"	"2018-02-27T17:03:08Z"	"2017-11-29T14:55:28Z"	"public"	"Illumina HiSeq 2500"	"F"	"unspecified"	"SINGLE"	"PCR"	"METAGENOMIC"	"metagenomes"	"ILLUMINA"	"2018-02-28T00:00:00Z"	1800	"SAMEA104409269"	"ERS2027211"	"Italy"	"ERS2027211"	"ERP105451"	"straw"	15	"BC311800F"	"INRES Molecular Biology of the Rhizosphere"	"GTTTTCATTAGGGTG CCA GCM GCC GCG GTA A"
"ERR2211118"	"Sample_294"	"AMPLICON"	251	"BC6"	"CGTCGGCT"	18129880	"PRJEB23682"	"SAMEA104409299"	5054786	"INRES MOLECULAR BIOLOGY OF THE RHIZOSPHERE"	"rhizosphere"	"public"	"MM"	"fastq,sra"	"ena,s3,gs,ncbi"	"s3.us-east-1,ena,ncbi.public,gs.US"	"16S amplicons"	"ERC000011"	"2018-02-27"	"2018-11-16"	"Yes"	"ERX2265471"	"Italy"	"INRES Molecular Biology of the Rhizosphere"	"2018-02-27T17:03:08Z"	"2017-11-29T14:55:29Z"	"public"	"Illumina HiSeq 2500"	"G"	"unspecified"	"SINGLE"	"PCR"	"METAGENOMIC"	"metagenomes"	"ILLUMINA"	"2018-02-28T00:00:00Z"	1800	"SAMEA104409299"	"ERS2027241"	"Italy"	"ERS2027241"	"ERP105451"	"straw"	85	"BC61800G"	"INRES Molecular Biology of the Rhizosphere"	"AAACGTCGGCTGTG CCA GCM GCC GCG GTA A"
"ERR2211178"	"Sample_354"	"AMPLICON"	249	"BC18"	"ATCCTATT"	5460297	"PRJEB23682"	"SAMEA104409359"	1710768	"INRES MOLECULAR BIOLOGY OF THE RHIZOSPHERE"	"rhizosphere"	"public"	"RR"	"fastq,sra"	"s3,gs,ncbi,ena"	"gs.US,ncbi.public,ena,s3.us-east-1"	"16S amplicons"	"ERC000011"	"2018-02-27"	"2018-11-16"	"Yes"	"ERX2265531"	"Philippines"	"INRES Molecular Biology of the Rhizosphere"	"2018-02-27T17:03:08Z"	"2017-11-29T14:55:31Z"	"public"	"Illumina HiSeq 2500"	"B"	"unspecified"	"SINGLE"	"PCR"	"METAGENOMIC"	"metagenomes"	"ILLUMINA"	"2018-02-28T00:00:00Z"	2131	"SAMEA104409359"	"ERS2027301"	"IRRI"	"ERS2027301"	"ERP105451"	"no straw"	15	"BC182131B"	"INRES Molecular Biology of the Rhizosphere"	"GAAAATCCTATTGTG CCA GCM GCC GCG GTA A"
"ERR2211248"	"Sample_424"	"AMPLICON"	249	"BC40"	"TACTGCGC"	4866315	"PRJEB23682"	"SAMEA104409429"	1555594	"INRES MOLECULAR BIOLOGY OF THE RHIZOSPHERE"	"rhizosphere"	"public"	"RR"	"fastq,sra"	"s3,gs,ncbi,ena"	"s3.us-east-1,ena,ncbi.public,gs.US"	"16S amplicons"	"ERC000011"	"2018-02-27"	"2018-11-16"	"Yes"	"ERX2265601"	"Philippines"	"INRES Molecular Biology of the Rhizosphere"	"2018-02-27T17:03:08Z"	"2017-11-29T14:55:34Z"	"public"	"Illumina HiSeq 2500"	"C"	"unspecified"	"SINGLE"	"PCR"	"METAGENOMIC"	"metagenomes"	"ILLUMINA"	"2018-02-28T00:00:00Z"	2131	"SAMEA104409429"	"ERS2027371"	"IRRI"	"ERS2027371"	"ERP105451"	"straw"	43	"BC402131C"	"INRES Molecular Biology of the Rhizosphere"	"GAATCTACTGCGCGTG CCA GCM GCC GCG GTA A"
"ERR2211268"	"Sample_444"	"AMPLICON"	249	"BC14"	"GGCGAGGA"	4902501	"PRJEB23682"	"SAMEA104409449"	1563598	"INRES MOLECULAR BIOLOGY OF THE RHIZOSPHERE"	"rhizosphere"	"public"	"MR"	"fastq,sra"	"s3,ena,gs,ncbi"	"ncbi.public,gs.US,ena,s3.us-east-1"	"16S amplicons"	"ERC000011"	"2018-02-27"	"2018-11-16"	"Yes"	"ERX2265621"	"Philippines"	"INRES Molecular Biology of the Rhizosphere"	"2018-02-27T17:03:08Z"	"2017-11-29T14:55:34Z"	"public"	"Illumina HiSeq 2500"	"D"	"unspecified"	"SINGLE"	"PCR"	"METAGENOMIC"	"metagenomes"	"ILLUMINA"	"2018-02-28T00:00:00Z"	2131	"SAMEA104409449"	"ERS2027391"	"Tarlac"	"ERS2027391"	"ERP105451"	"no straw"	43	"BC142131D"	"INRES Molecular Biology of the Rhizosphere"	"CCCGGGGCGAGGAGTG CCA GCM GCC GCG GTA A"
"ERR2211278"	"Sample_454"	"AMPLICON"	249	"BC7"	"GACGTCAA"	5776080	"PRJEB23682"	"SAMEA104409459"	1829203	"INRES MOLECULAR BIOLOGY OF THE RHIZOSPHERE"	"rhizosphere"	"public"	"RR"	"fastq,sra"	"ena,gs,ncbi,s3"	"ena,ncbi.public,s3.us-east-1,gs.US"	"16S amplicons"	"ERC000011"	"2018-02-27"	"2018-11-16"	"Yes"	"ERX2265631"	"Philippines"	"INRES Molecular Biology of the Rhizosphere"	"2018-02-27T17:03:08Z"	"2017-11-29T14:55:35Z"	"public"	"Illumina HiSeq 2500"	"D"	"unspecified"	"SINGLE"	"PCR"	"METAGENOMIC"	"metagenomes"	"ILLUMINA"	"2018-02-28T00:00:00Z"	2131	"SAMEA104409459"	"ERS2027401"	"Tarlac"	"ERS2027401"	"ERP105451"	"straw"	43	"BC72131D"	"INRES Molecular Biology of the Rhizosphere"	"TAACGACGTCAAGTG CCA GCM GCC GCG GTA A"
"ERR2210979"	"Sample_155"	"AMPLICON"	252	"BC19"	"CACGTGTT"	5990219	"PRJEB23682"	"SAMEA104409160"	1662705	"INRES MOLECULAR BIOLOGY OF THE RHIZOSPHERE"	"rhizosphere"	"public"	"RR"	"fastq,sra"	"ena,gs,s3,ncbi"	"ncbi.public,ena,gs.US,s3.us-east-1"	"16S amplicons"	"ERC000011"	"2018-02-27"	"2018-11-16"	"Yes"	"ERX2265332"	"Italy"	"INRES Molecular Biology of the Rhizosphere"	"2018-02-27T17:03:08Z"	"2017-11-29T14:55:23Z"	"public"	"Illumina HiSeq 2500"	"D"	"unspecified"	"SINGLE"	"PCR"	"METAGENOMIC"	"metagenomes"	"ILLUMINA"	"2018-02-28T00:00:00Z"	1800	"SAMEA104409160"	"ERS2027102"	"Italy"	"ERS2027102"	"ERP105451"	"no straw"	8	"BC191800D"	"INRES Molecular Biology of the Rhizosphere"	"CTTCACGTGTTGTG CCA GCM GCC GCG GTA A"
"ERR2210989"	"Sample_165"	"AMPLICON"	251	"BC28"	"AACCGTGT"	8077300	"PRJEB23682"	"SAMEA104409170"	2331643	"INRES MOLECULAR BIOLOGY OF THE RHIZOSPHERE"	"rhizosphere"	"public"	"RR"	"sra,fastq"	"gs,ncbi,ena,s3"	"ncbi.public,gs.US,s3.us-east-1,ena"	"16S amplicons"	"ERC000011"	"2018-02-27"	"2018-11-16"	"Yes"	"ERX2265342"	"Italy"	"INRES Molecular Biology of the Rhizosphere"	"2018-02-27T17:03:08Z"	"2017-11-29T14:55:24Z"	"public"	"Illumina HiSeq 2500"	"D"	"unspecified"	"SINGLE"	"PCR"	"METAGENOMIC"	"metagenomes"	"ILLUMINA"	"2018-02-28T00:00:00Z"	1800	"SAMEA104409170"	"ERS2027112"	"Italy"	"ERS2027112"	"ERP105451"	"no straw"	15	"BC281800D"	"INRES Molecular Biology of the Rhizosphere"	"CAAAAACCGTGTGTG CCA GCM GCC GCG GTA A"
"ERR2210999"	"Sample_175"	"AMPLICON"	252	"BC37"	"GAGTTAAC"	7535939	"PRJEB23682"	"SAMEA104409180"	2172389	"INRES MOLECULAR BIOLOGY OF THE RHIZOSPHERE"	"rhizosphere"	"public"	"RR"	"sra,fastq"	"ncbi,s3,ena,gs"	"gs.US,s3.us-east-1,ncbi.public,ena"	"16S amplicons"	"ERC000011"	"2018-02-27"	"2018-11-16"	"Yes"	"ERX2265352"	"Italy"	"INRES Molecular Biology of the Rhizosphere"	"2018-02-27T17:03:08Z"	"2017-11-29T14:55:24Z"	"public"	"Illumina HiSeq 2500"	"D"	"unspecified"	"SINGLE"	"PCR"	"METAGENOMIC"	"metagenomes"	"ILLUMINA"	"2018-02-28T00:00:00Z"	1800	"SAMEA104409180"	"ERS2027122"	"Italy"	"ERS2027122"	"ERP105451"	"straw"	22	"BC371800D"	"INRES Molecular Biology of the Rhizosphere"	"ATTATGAGTTAACGTG CCA GCM GCC GCG GTA A"
"ERR2211009"	"Sample_185"	"AMPLICON"	252	"BC46"	"TTCTGATG"	7881445	"PRJEB23682"	"SAMEA104409190"	2250950	"INRES MOLECULAR BIOLOGY OF THE RHIZOSPHERE"	"rhizosphere"	"public"	"RR"	"fastq,sra"	"ena,s3,gs,ncbi"	"ena,ncbi.public,gs.US,s3.us-east-1"	"16S amplicons"	"ERC000011"	"2018-02-27"	"2018-11-16"	"Yes"	"ERX2265362"	"Italy"	"INRES Molecular Biology of the Rhizosphere"	"2018-02-27T17:03:08Z"	"2017-11-29T14:55:25Z"	"public"	"Illumina HiSeq 2500"	"D"	"unspecified"	"SINGLE"	"PCR"	"METAGENOMIC"	"metagenomes"	"ILLUMINA"	"2018-02-28T00:00:00Z"	1800	"SAMEA104409190"	"ERS2027132"	"Italy"	"ERS2027132"	"ERP105451"	"straw"	29	"BC461800D"	"INRES Molecular Biology of the Rhizosphere"	"CAATCTTCTGATGGTG CCA GCM GCC GCG GTA A"
"ERR2211019"	"Sample_195"	"AMPLICON"	252	"BC1"	"AACACCTA"	15807578	"PRJEB23682"	"SAMEA104409200"	4280082	"INRES MOLECULAR BIOLOGY OF THE RHIZOSPHERE"	"rhizosphere"	"public"	"RR"	"fastq,sra"	"ncbi,ena,gs,s3"	"ncbi.public,s3.us-east-1,ena,gs.US"	"16S amplicons"	"ERC000011"	"2018-02-27"	"2018-11-16"	"Yes"	"ERX2265372"	"Italy"	"INRES Molecular Biology of the Rhizosphere"	"2018-02-27T17:03:08Z"	"2017-11-29T14:55:25Z"	"public"	"Illumina HiSeq 2500"	"E"	"unspecified"	"SINGLE"	"PCR"	"METAGENOMIC"	"metagenomes"	"ILLUMINA"	"2018-02-28T00:00:00Z"	1800	"SAMEA104409200"	"ERS2027142"	"Italy"	"ERS2027142"	"ERP105451"	"no straw"	43	"BC11800E"	""	"GGGCTAACACCTAGTG CCA GCM GCC GCG GTA A"
"ERR2211029"	"Sample_205"	"AMPLICON"	251	"BC21"	"CTAGATTC"	2809999	"PRJEB23682"	"SAMEA104409210"	862995	"INRES MOLECULAR BIOLOGY OF THE RHIZOSPHERE"	"rhizosphere"	"public"	"RR"	"sra,fastq"	"ncbi,s3,ena,gs"	"s3.us-east-1,ncbi.public,ena,gs.US"	"16S amplicons"	"ERC000011"	"2018-02-27"	"2018-11-16"	"Yes"	"ERX2265382"	"Italy"	"INRES Molecular Biology of the Rhizosphere"	"2018-02-27T17:03:08Z"	"2017-11-29T14:55:25Z"	"public"	"Illumina HiSeq 2500"	"E"	"unspecified"	"SINGLE"	"PCR"	"METAGENOMIC"	"metagenomes"	"ILLUMINA"	"2018-02-28T00:00:00Z"	1800	"SAMEA104409210"	"ERS2027152"	"Italy"	"ERS2027152"	"ERP105451"	"straw"	85	"BC211800E"	"INRES Molecular Biology of the Rhizosphere"	"TCCGGCTAGATTCGTG CCA GCM GCC GCG GTA A"
"ERR2211079"	"Sample_255"	"AMPLICON"	252	"BC22"	"GAGAACTC"	3955742	"PRJEB23682"	"SAMEA104409260"	1155680	"INRES MOLECULAR BIOLOGY OF THE RHIZOSPHERE"	"rhizosphere"	"public"	"MM"	"fastq,sra"	"ena,gs,ncbi,s3"	"ena,ncbi.public,s3.us-east-1,gs.US"	"16S amplicons"	"ERC000011"	"2018-02-27"	"2018-11-16"	"Yes"	"ERX2265432"	"Italy"	"INRES Molecular Biology of the Rhizosphere"	"2018-02-27T17:03:08Z"	"2017-11-29T14:55:27Z"	"public"	"Illumina HiSeq 2500"	"F"	"unspecified"	"SINGLE"	"PCR"	"METAGENOMIC"	"metagenomes"	"ILLUMINA"	"2018-02-28T00:00:00Z"	1800	"SAMEA104409260"	"ERS2027202"	"Italy"	"ERS2027202"	"ERP105451"	"straw"	8	"BC221800F"	"INRES Molecular Biology of the Rhizosphere"	"GGGCAGAGAACTCGTG CCA GCM GCC GCG GTA A"
"ERR2211119"	"Sample_295"	"AMPLICON"	251	"BC7"	"GACGTCAA"	10343235	"PRJEB23682"	"SAMEA104409300"	2974635	"INRES MOLECULAR BIOLOGY OF THE RHIZOSPHERE"	"rhizosphere"	"public"	"MM"	"fastq,sra"	"ena,s3,gs,ncbi"	"s3.us-east-1,ena,ncbi.public,gs.US"	"16S amplicons"	"ERC000011"	"2018-02-27"	"2018-11-16"	"Yes"	"ERX2265472"	"Italy"	"INRES Molecular Biology of the Rhizosphere"	"2018-02-27T17:03:08Z"	"2017-11-29T14:55:29Z"	"public"	"Illumina HiSeq 2500"	"G"	"unspecified"	"SINGLE"	"PCR"	"METAGENOMIC"	"metagenomes"	"ILLUMINA"	"2018-02-28T00:00:00Z"	1800	"SAMEA104409300"	"ERS2027242"	"Italy"	"ERS2027242"	"ERP105451"	"straw"	85	"BC71800G"	"INRES Molecular Biology of the Rhizosphere"	"TAACGACGTCAAGTG CCA GCM GCC GCG GTA A"
"ERR2211179"	"Sample_355"	"AMPLICON"	250	"BC19"	"CACGTGTT"	3056720	"PRJEB23682"	"SAMEA104409360"	991291	"INRES MOLECULAR BIOLOGY OF THE RHIZOSPHERE"	"rhizosphere"	"public"	"RR"	"fastq,sra"	"s3,gs,ncbi,ena"	"s3.us-east-1,ena,ncbi.public,gs.US"	"16S amplicons"	"ERC000011"	"2018-02-27"	"2018-11-16"	"Yes"	"ERX2265532"	"Philippines"	"INRES Molecular Biology of the Rhizosphere"	"2018-02-27T17:03:08Z"	"2017-11-29T14:55:31Z"	"public"	"Illumina HiSeq 2500"	"B"	"unspecified"	"SINGLE"	"PCR"	"METAGENOMIC"	"metagenomes"	"ILLUMINA"	"2018-02-28T00:00:00Z"	2131	"SAMEA104409360"	"ERS2027302"	"IRRI"	"ERS2027302"	"ERP105451"	"no straw"	15	"BC192131B"	"INRES Molecular Biology of the Rhizosphere"	"CTTCACGTGTTGTG CCA GCM GCC GCG GTA A"
"ERR2211189"	"Sample_365"	"AMPLICON"	249	"BC28"	"AACCGTGT"	4053855	"PRJEB23682"	"SAMEA104409370"	1307307	"INRES MOLECULAR BIOLOGY OF THE RHIZOSPHERE"	"rhizosphere"	"public"	"MR"	"fastq,sra"	"ncbi,ena,gs,s3"	"s3.us-east-1,gs.US,ncbi.public,ena"	"16S amplicons"	"ERC000011"	"2018-02-27"	"2018-11-16"	"Yes"	"ERX2265542"	"Philippines"	"INRES Molecular Biology of the Rhizosphere"	"2018-02-27T17:03:08Z"	"2017-11-29T14:55:31Z"	"public"	"Illumina HiSeq 2500"	"B"	"unspecified"	"SINGLE"	"PCR"	"METAGENOMIC"	"metagenomes"	"ILLUMINA"	"2018-02-28T00:00:00Z"	2131	"SAMEA104409370"	"ERS2027312"	"IRRI"	"ERS2027312"	"ERP105451"	"no straw"	15	"BC282131B"	"INRES Molecular Biology of the Rhizosphere"	"CAAAAACCGTGTGTG CCA GCM GCC GCG GTA A"
"ERR2211209"	"Sample_385"	"AMPLICON"	249	"BC46"	"TTCTGATG"	3910311	"PRJEB23682"	"SAMEA104409390"	1266366	"INRES MOLECULAR BIOLOGY OF THE RHIZOSPHERE"	"rhizosphere"	"public"	"MR"	"fastq,sra"	"ena,s3,gs,ncbi"	"ncbi.public,ena,s3.us-east-1,gs.US"	"16S amplicons"	"ERC000011"	"2018-02-27"	"2018-11-16"	"Yes"	"ERX2265562"	"Philippines"	"INRES Molecular Biology of the Rhizosphere"	"2018-02-27T17:03:08Z"	"2017-11-29T14:55:32Z"	"public"	"Illumina HiSeq 2500"	"B"	"unspecified"	"SINGLE"	"PCR"	"METAGENOMIC"	"metagenomes"	"ILLUMINA"	"2018-02-28T00:00:00Z"	2131	"SAMEA104409390"	"ERS2027332"	"Tarlac"	"ERS2027332"	"ERP105451"	"straw"	15	"BC462131B"	"INRES Molecular Biology of the Rhizosphere"	"CAATCTTCTGATGGTG CCA GCM GCC GCG GTA A"
"ERR2211269"	"Sample_445"	"AMPLICON"	249	"BC15"	"GTGGGATA"	5297874	"PRJEB23682"	"SAMEA104409450"	1676808	"INRES MOLECULAR BIOLOGY OF THE RHIZOSPHERE"	"rhizosphere"	"public"	"MR"	"fastq,sra"	"s3,ena,gs,ncbi"	"s3.us-east-1,ena,ncbi.public,gs.US"	"16S amplicons"	"ERC000011"	"2018-02-27"	"2018-11-16"	"Yes"	"ERX2265622"	"Philippines"	"INRES Molecular Biology of the Rhizosphere"	"2018-02-27T17:03:08Z"	"2017-11-29T14:55:34Z"	"public"	"Illumina HiSeq 2500"	"D"	"unspecified"	"SINGLE"	"PCR"	"METAGENOMIC"	"metagenomes"	"ILLUMINA"	"2018-02-28T00:00:00Z"	2131	"SAMEA104409450"	"ERS2027392"	"Tarlac"	"ERS2027392"	"ERP105451"	"straw"	43	"BC152131D"	"INRES Molecular Biology of the Rhizosphere"	"CTAGTGGGATAGTG CCA GCM GCC GCG GTA A"
"ERR2211409"	"Sample_585"	"AMPLICON"	251	"BC4"	"CACAGTTG"	8762132	"PRJEB23682"	"SAMEA104409590"	2669105	"INRES MOLECULAR BIOLOGY OF THE RHIZOSPHERE"	"rhizosphere"	"public"	"MR"	"fastq,sra"	"ena,s3,gs,ncbi"	"ena,ncbi.public,s3.us-east-1,gs.US"	"ITS amplicons"	"ERC000011"	"2018-02-27"	"2018-11-16"	"Yes"	"ERX2265762"	"Philippines"	"INRES Molecular Biology of the Rhizosphere"	"2018-02-27T17:03:08Z"	"2017-11-29T14:55:39Z"	"public"	"Illumina HiSeq 2500"	"C"	"unspecified"	"SINGLE"	"PCR"	"METAGENOMIC"	"metagenomes"	"ILLUMINA"	"2018-02-28T00:00:00Z"	2457	"SAMEA104409590"	"ERS2027532"	"Tarlac"	"ERS2027532"	"ERP105451"	"straw"	15	"BC42457C"	"INRES Molecular Biology of the Rhizosphere"	"CACAGTTGCTTGGTCATTTAGAGGAAGTAA"
